This file contains any messages produced by compilers while
running configure, to aid debugging if configure makes a mistake.

It was created by guacamole-server configure 1.6.0, which was
generated by GNU Autoconf 2.71.  Invocation command line was

  $ ./configure --with-init-dir=/etc/init.d --enable-allow-freerdp-snapshots --with-systemd-dir=/lib/systemd/system

## --------- ##
## Platform. ##
## --------- ##

hostname = tbpam
uname -m = x86_64
uname -r = 6.8.0-100-generic
uname -s = Linux
uname -v = #100-Ubuntu SMP PREEMPT_DYNAMIC Tue Jan 13 16:40:06 UTC 2026

/usr/bin/uname -p = x86_64
/bin/uname -X     = unknown

/bin/arch              = x86_64
/usr/bin/arch -k       = unknown
/usr/convex/getsysinfo = unknown
/usr/bin/hostinfo      = unknown
/bin/machine           = unknown
/usr/bin/oslevel       = unknown
/bin/universe          = unknown

PATH: /root/.cursor-server/cli/servers/Stable-7b9c34466f5c119e93c3e654bb80fe9306b6cc70/server/bin/remote-cli/
PATH: /usr/local/sbin/
PATH: /usr/local/bin/
PATH: /usr/sbin/
PATH: /usr/bin/
PATH: /sbin/
PATH: /bin/
PATH: /usr/games/
PATH: /usr/local/games/
PATH: /snap/bin/


## ----------- ##
## Core tests. ##
## ----------- ##

configure:2774: looking for aux files: tap-driver.sh compile config.guess config.sub ltmain.sh missing install-sh
configure:2787:  trying ./build-aux/
configure:2816:   ./build-aux/tap-driver.sh found
configure:2816:   ./build-aux/compile found
configure:2816:   ./build-aux/config.guess found
configure:2816:   ./build-aux/config.sub found
configure:2816:   ./build-aux/ltmain.sh found
configure:2816:   ./build-aux/missing found
configure:2798:   ./build-aux/install-sh found
configure:2946: checking for a BSD-compatible install
configure:3019: result: /usr/bin/install -c
configure:3030: checking whether build environment is sane
configure:3085: result: yes
configure:3244: checking for a race-free mkdir -p
configure:3288: result: /usr/bin/mkdir -p
configure:3295: checking for gawk
configure:3316: found /usr/bin/gawk
configure:3327: result: gawk
configure:3338: checking whether make sets $(MAKE)
configure:3361: result: yes
configure:3391: checking whether make supports nested variables
configure:3409: result: yes
configure:3557: checking whether make supports nested variables
configure:3575: result: yes
configure:3620: checking build system type
configure:3635: result: x86_64-pc-linux-gnu
configure:3655: checking host system type
configure:3669: result: x86_64-pc-linux-gnu
configure:3710: checking how to print strings
configure:3737: result: printf
configure:3771: checking whether make supports the include directive
configure:3786: make -f confmf.GNU && cat confinc.out
this is the am__doit target
configure:3789: $? = 0
configure:3808: result: yes (GNU style)
configure:3884: checking for gcc
configure:3905: found /usr/bin/gcc
configure:3916: result: gcc
configure:4269: checking for C compiler version
configure:4278: gcc --version >&5
gcc (Ubuntu 13.3.0-6ubuntu2~24.04.1) 13.3.0
Copyright (C) 2023 Free Software Foundation, Inc.
This is free software; see the source for copying conditions.  There is NO
warranty; not even for MERCHANTABILITY or FITNESS FOR A PARTICULAR PURPOSE.

configure:4289: $? = 0
configure:4278: gcc -v >&5
Using built-in specs.
COLLECT_GCC=gcc
COLLECT_LTO_WRAPPER=/usr/libexec/gcc/x86_64-linux-gnu/13/lto-wrapper
OFFLOAD_TARGET_NAMES=nvptx-none:amdgcn-amdhsa
OFFLOAD_TARGET_DEFAULT=1
Target: x86_64-linux-gnu
Configured with: ../src/configure -v --with-pkgversion='Ubuntu 13.3.0-6ubuntu2~24.04.1' --with-bugurl=file:///usr/share/doc/gcc-13/README.Bugs --enable-languages=c,ada,c++,go,d,fortran,objc,obj-c++,m2 --prefix=/usr --with-gcc-major-version-only --program-suffix=-13 --program-prefix=x86_64-linux-gnu- --enable-shared --enable-linker-build-id --libexecdir=/usr/libexec --without-included-gettext --enable-threads=posix --libdir=/usr/lib --enable-nls --enable-bootstrap --enable-clocale=gnu --enable-libstdcxx-debug --enable-libstdcxx-time=yes --with-default-libstdcxx-abi=new --enable-libstdcxx-backtrace --enable-gnu-unique-object --disable-vtable-verify --enable-plugin --enable-default-pie --with-system-zlib --enable-libphobos-checking=release --with-target-system-zlib=auto --enable-objc-gc=auto --enable-multiarch --disable-werror --enable-cet --with-arch-32=i686 --with-abi=m64 --with-multilib-list=m32,m64,mx32 --enable-multilib --with-tune=generic --enable-offload-targets=nvptx-none=/build/gcc-13-EldibY/gcc-13-13.3.0/debian/tmp-nvptx/usr,amdgcn-amdhsa=/build/gcc-13-EldibY/gcc-13-13.3.0/debian/tmp-gcn/usr --enable-offload-defaulted --without-cuda-driver --enable-checking=release --build=x86_64-linux-gnu --host=x86_64-linux-gnu --target=x86_64-linux-gnu --with-build-config=bootstrap-lto-lean --enable-link-serialization=2
Thread model: posix
Supported LTO compression algorithms: zlib zstd
gcc version 13.3.0 (Ubuntu 13.3.0-6ubuntu2~24.04.1) 
... rest of stderr output deleted ...
configure:4289: $? = 0
configure:4278: gcc -V >&5
gcc: error: unrecognized command-line option '-V'
gcc: fatal error: no input files
compilation terminated.
configure:4289: $? = 1
configure:4278: gcc -qversion >&5
gcc: error: unrecognized command-line option '-qversion'; did you mean '--version'?
gcc: fatal error: no input files
compilation terminated.
configure:4289: $? = 1
configure:4278: gcc -version >&5
gcc: error: unrecognized command-line option '-version'
gcc: fatal error: no input files
compilation terminated.
configure:4289: $? = 1
configure:4309: checking whether the C compiler works
configure:4331: gcc    conftest.c  >&5
configure:4335: $? = 0
configure:4385: result: yes
configure:4388: checking for C compiler default output file name
configure:4390: result: a.out
configure:4396: checking for suffix of executables
configure:4403: gcc -o conftest    conftest.c  >&5
configure:4407: $? = 0
configure:4430: result: 
configure:4452: checking whether we are cross compiling
configure:4460: gcc -o conftest    conftest.c  >&5
configure:4464: $? = 0
configure:4471: ./conftest
configure:4475: $? = 0
configure:4490: result: no
configure:4495: checking for suffix of object files
configure:4518: gcc -c   conftest.c >&5
configure:4522: $? = 0
configure:4544: result: o
configure:4548: checking whether the compiler supports GNU C
configure:4568: gcc -c   conftest.c >&5
configure:4568: $? = 0
configure:4578: result: yes
configure:4589: checking whether gcc accepts -g
configure:4610: gcc -c -g  conftest.c >&5
configure:4610: $? = 0
configure:4654: result: yes
configure:4674: checking for gcc option to enable C11 features
configure:4689: gcc  -c -g -O2  conftest.c >&5
configure:4689: $? = 0
configure:4707: result: none needed
configure:4823: checking whether gcc understands -c and -o together
configure:4846: gcc -c conftest.c -o conftest2.o
configure:4849: $? = 0
configure:4846: gcc -c conftest.c -o conftest2.o
configure:4849: $? = 0
configure:4861: result: yes
configure:4880: checking dependency style of gcc
configure:4992: result: gcc3
configure:5007: checking for a sed that does not truncate output
configure:5077: result: /usr/bin/sed
configure:5095: checking for grep that handles long lines and -e
configure:5159: result: /usr/bin/grep
configure:5164: checking for egrep
configure:5232: result: /usr/bin/grep -E
configure:5237: checking for fgrep
configure:5305: result: /usr/bin/grep -F
configure:5341: checking for ld used by gcc
configure:5409: result: /usr/bin/ld
configure:5416: checking if the linker (/usr/bin/ld) is GNU ld
configure:5432: result: yes
configure:5444: checking for BSD- or MS-compatible name lister (nm)
configure:5499: result: /usr/bin/nm -B
configure:5639: checking the name lister (/usr/bin/nm -B) interface
configure:5647: gcc -c -g -O2  conftest.c >&5
configure:5650: /usr/bin/nm -B "conftest.o"
configure:5653: output
0000000000000000 B some_variable
configure:5660: result: BSD nm
configure:5663: checking whether ln -s works
configure:5667: result: yes
configure:5675: checking the maximum length of command line arguments
configure:5807: result: 1572864
configure:5855: checking how to convert x86_64-pc-linux-gnu file names to x86_64-pc-linux-gnu format
configure:5896: result: func_convert_file_noop
configure:5903: checking how to convert x86_64-pc-linux-gnu file names to toolchain format
configure:5924: result: func_convert_file_noop
configure:5931: checking for /usr/bin/ld option to reload object files
configure:5939: result: -r
configure:6018: checking for file
configure:6039: found /usr/bin/file
configure:6050: result: file
configure:6126: checking for objdump
configure:6147: found /usr/bin/objdump
configure:6158: result: objdump
configure:6190: checking how to recognize dependent libraries
configure:6391: result: pass_all
configure:6481: checking for dlltool
configure:6516: result: no
configure:6546: checking how to associate runtime and link libraries
configure:6574: result: printf %s\n
configure:6640: checking for ar
configure:6661: found /usr/bin/ar
configure:6672: result: ar
configure:6725: checking for archiver @FILE support
configure:6743: gcc -c -g -O2  conftest.c >&5
configure:6743: $? = 0
configure:6747: ar cr libconftest.a @conftest.lst >&5
configure:6750: $? = 0
configure:6755: ar cr libconftest.a @conftest.lst >&5
ar: conftest.o: No such file or directory
configure:6758: $? = 1
configure:6770: result: @
configure:6833: checking for strip
configure:6854: found /usr/bin/strip
configure:6865: result: strip
configure:6942: checking for ranlib
configure:6963: found /usr/bin/ranlib
configure:6974: result: ranlib
configure:7076: checking command to parse /usr/bin/nm -B output from gcc object
configure:7230: gcc -c -g -O2  conftest.c >&5
configure:7233: $? = 0
configure:7237: /usr/bin/nm -B conftest.o | /usr/bin/sed -n -e 's/^.*[	 ]\([ABCDGIRSTW][ABCDGIRSTW]*\)[	 ][	 ]*\([_A-Za-z][_A-Za-z0-9]*\)$/\1 \2 \2/p' | /usr/bin/sed '/ __gnu_lto/d' > conftest.nm
configure:7303: gcc -o conftest -g -O2   conftest.c conftstm.o >&5
configure:7306: $? = 0
configure:7344: result: ok
configure:7391: checking for sysroot
configure:7422: result: no
configure:7429: checking for a working dd
configure:7473: result: /usr/bin/dd
configure:7477: checking how to truncate binary pipes
configure:7493: result: /usr/bin/dd bs=4096 count=1
configure:7630: gcc -c -g -O2  conftest.c >&5
configure:7633: $? = 0
configure:7830: checking for mt
configure:7851: found /usr/bin/mt
configure:7862: result: mt
configure:7885: checking if mt is a manifest tool
configure:7892: mt '-?'
configure:7900: result: no
configure:8625: checking for stdio.h
configure:8625: gcc -c -g -O2  conftest.c >&5
configure:8625: $? = 0
configure:8625: result: yes
configure:8625: checking for stdlib.h
configure:8625: gcc -c -g -O2  conftest.c >&5
configure:8625: $? = 0
configure:8625: result: yes
configure:8625: checking for string.h
configure:8625: gcc -c -g -O2  conftest.c >&5
configure:8625: $? = 0
configure:8625: result: yes
configure:8625: checking for inttypes.h
configure:8625: gcc -c -g -O2  conftest.c >&5
configure:8625: $? = 0
configure:8625: result: yes
configure:8625: checking for stdint.h
configure:8625: gcc -c -g -O2  conftest.c >&5
configure:8625: $? = 0
configure:8625: result: yes
configure:8625: checking for strings.h
configure:8625: gcc -c -g -O2  conftest.c >&5
configure:8625: $? = 0
configure:8625: result: yes
configure:8625: checking for sys/stat.h
configure:8625: gcc -c -g -O2  conftest.c >&5
configure:8625: $? = 0
configure:8625: result: yes
configure:8625: checking for sys/types.h
configure:8625: gcc -c -g -O2  conftest.c >&5
configure:8625: $? = 0
configure:8625: result: yes
configure:8625: checking for unistd.h
configure:8625: gcc -c -g -O2  conftest.c >&5
configure:8625: $? = 0
configure:8625: result: yes
configure:8650: checking for dlfcn.h
configure:8650: gcc -c -g -O2  conftest.c >&5
configure:8650: $? = 0
configure:8650: result: yes
configure:8908: checking for objdir
configure:8924: result: .libs
configure:9188: checking if gcc supports -fno-rtti -fno-exceptions
configure:9207: gcc -c -g -O2  -fno-rtti -fno-exceptions conftest.c >&5
cc1: warning: command-line option '-fno-rtti' is valid for C++/D/ObjC++ but not for C
configure:9211: $? = 0
configure:9224: result: no
configure:9588: checking for gcc option to produce PIC
configure:9596: result: -fPIC -DPIC
configure:9604: checking if gcc PIC flag -fPIC -DPIC works
configure:9623: gcc -c -g -O2  -fPIC -DPIC -DPIC conftest.c >&5
configure:9627: $? = 0
configure:9640: result: yes
configure:9669: checking if gcc static flag -static works
configure:9698: result: yes
configure:9713: checking if gcc supports -c -o file.o
configure:9735: gcc -c -g -O2  -o out/conftest2.o conftest.c >&5
configure:9739: $? = 0
configure:9761: result: yes
configure:9769: checking if gcc supports -c -o file.o
configure:9817: result: yes
configure:9850: checking whether the gcc linker (/usr/bin/ld -m elf_x86_64) supports shared libraries
configure:11124: result: yes
configure:11161: checking whether -lc should be explicitly linked in
configure:11170: gcc -c -g -O2  conftest.c >&5
configure:11173: $? = 0
configure:11188: gcc -shared  -fPIC -DPIC conftest.o  -v -Wl,-soname -Wl,conftest -o conftest 2\>\&1 \| /usr/bin/grep  -lc  \>/dev/null 2\>\&1
configure:11191: $? = 0
configure:11205: result: no
configure:11365: checking dynamic linker characteristics
configure:11947: gcc -o conftest -g -O2   -Wl,-rpath -Wl,/foo conftest.c  >&5
configure:11947: $? = 0
configure:12198: result: GNU/Linux ld.so
configure:12320: checking how to hardcode library paths into programs
configure:12345: result: immediate
configure:12447: checking for shl_load
configure:12447: gcc -o conftest -g -O2   conftest.c  >&5
/usr/bin/ld: /tmp/ccGZ6z0l.o: in function `main':
/opt/guacamole-server-1.6.0/conftest.c:50:(.text.startup+0xb): undefined reference to `shl_load'
collect2: error: ld returned 1 exit status
configure:12447: $? = 1
configure: failed program was:
| /* confdefs.h */
| #define PACKAGE_NAME "guacamole-server"
| #define PACKAGE_TARNAME "guacamole-server"
| #define PACKAGE_VERSION "1.6.0"
| #define PACKAGE_STRING "guacamole-server 1.6.0"
| #define PACKAGE_BUGREPORT ""
| #define PACKAGE_URL ""
| #define PACKAGE "guacamole-server"
| #define VERSION "1.6.0"
| #define HAVE_STDIO_H 1
| #define HAVE_STDLIB_H 1
| #define HAVE_STRING_H 1
| #define HAVE_INTTYPES_H 1
| #define HAVE_STDINT_H 1
| #define HAVE_STRINGS_H 1
| #define HAVE_SYS_STAT_H 1
| #define HAVE_SYS_TYPES_H 1
| #define HAVE_UNISTD_H 1
| #define STDC_HEADERS 1
| #define HAVE_DLFCN_H 1
| #define LT_OBJDIR ".libs/"
| /* end confdefs.h.  */
| /* Define shl_load to an innocuous variant, in case <limits.h> declares shl_load.
|    For example, HP-UX 11i <limits.h> declares gettimeofday.  */
| #define shl_load innocuous_shl_load
| 
| /* System header to define __stub macros and hopefully few prototypes,
|    which can conflict with char shl_load (); below.  */
| 
| #include <limits.h>
| #undef shl_load
| 
| /* Override any GCC internal prototype to avoid an error.
|    Use char because int might match the return type of a GCC
|    builtin and then its argument prototype would still apply.  */
| #ifdef __cplusplus
| extern "C"
| #endif
| char shl_load ();
| /* The GNU C library defines this for functions which it implements
|     to always fail with ENOSYS.  Some functions are actually named
|     something starting with __ and the normal name is an alias.  */
| #if defined __stub_shl_load || defined __stub___shl_load
| choke me
| #endif
| 
| int
| main (void)
| {
| return shl_load ();
|   ;
|   return 0;
| }
configure:12447: result: no
configure:12452: checking for shl_load in -ldld
configure:12475: gcc -o conftest -g -O2   conftest.c -ldld   >&5
/usr/bin/ld: cannot find -ldld: No such file or directory
collect2: error: ld returned 1 exit status
configure:12475: $? = 1
configure: failed program was:
| /* confdefs.h */
| #define PACKAGE_NAME "guacamole-server"
| #define PACKAGE_TARNAME "guacamole-server"
| #define PACKAGE_VERSION "1.6.0"
| #define PACKAGE_STRING "guacamole-server 1.6.0"
| #define PACKAGE_BUGREPORT ""
| #define PACKAGE_URL ""
| #define PACKAGE "guacamole-server"
| #define VERSION "1.6.0"
| #define HAVE_STDIO_H 1
| #define HAVE_STDLIB_H 1
| #define HAVE_STRING_H 1
| #define HAVE_INTTYPES_H 1
| #define HAVE_STDINT_H 1
| #define HAVE_STRINGS_H 1
| #define HAVE_SYS_STAT_H 1
| #define HAVE_SYS_TYPES_H 1
| #define HAVE_UNISTD_H 1
| #define STDC_HEADERS 1
| #define HAVE_DLFCN_H 1
| #define LT_OBJDIR ".libs/"
| /* end confdefs.h.  */
| 
| /* Override any GCC internal prototype to avoid an error.
|    Use char because int might match the return type of a GCC
|    builtin and then its argument prototype would still apply.  */
| char shl_load ();
| int
| main (void)
| {
| return shl_load ();
|   ;
|   return 0;
| }
configure:12485: result: no
configure:12491: checking for dlopen
configure:12491: gcc -o conftest -g -O2   conftest.c  >&5
configure:12491: $? = 0
configure:12491: result: yes
configure:12649: checking whether a program can dlopen itself
configure:12730: gcc -o conftest -g -O2  -DHAVE_DLFCN_H  -Wl,--export-dynamic conftest.c   >&5
configure:12733: $? = 0
configure:12751: result: yes
configure:12756: checking whether a statically linked program can dlopen itself
configure:12837: gcc -o conftest -g -O2  -DHAVE_DLFCN_H  -Wl,--export-dynamic -static conftest.c   >&5
/usr/bin/ld: /tmp/cc9u3URt.o: in function `main':
/opt/guacamole-server-1.6.0/conftest.c:12816:(.text.startup+0xd): warning: Using 'dlopen' in statically linked applications requires at runtime the shared libraries from the glibc version used for linking
configure:12840: $? = 0
conftest: undefined symbol: _fnord
configure:12858: result: no
configure:12897: checking whether stripping libraries is possible
configure:12906: result: yes
configure:12948: checking if libtool supports shared libraries
configure:12950: result: yes
configure:12953: checking whether to build shared libraries
configure:12978: result: yes
configure:12981: checking whether to build static libraries
configure:12985: result: yes
configure:13085: checking for gcc
configure:13117: result: gcc
configure:13470: checking for C compiler version
configure:13479: gcc --version >&5
gcc (Ubuntu 13.3.0-6ubuntu2~24.04.1) 13.3.0
Copyright (C) 2023 Free Software Foundation, Inc.
This is free software; see the source for copying conditions.  There is NO
warranty; not even for MERCHANTABILITY or FITNESS FOR A PARTICULAR PURPOSE.

configure:13490: $? = 0
configure:13479: gcc -v >&5
Using built-in specs.
COLLECT_GCC=gcc
COLLECT_LTO_WRAPPER=/usr/libexec/gcc/x86_64-linux-gnu/13/lto-wrapper
OFFLOAD_TARGET_NAMES=nvptx-none:amdgcn-amdhsa
OFFLOAD_TARGET_DEFAULT=1
Target: x86_64-linux-gnu
Configured with: ../src/configure -v --with-pkgversion='Ubuntu 13.3.0-6ubuntu2~24.04.1' --with-bugurl=file:///usr/share/doc/gcc-13/README.Bugs --enable-languages=c,ada,c++,go,d,fortran,objc,obj-c++,m2 --prefix=/usr --with-gcc-major-version-only --program-suffix=-13 --program-prefix=x86_64-linux-gnu- --enable-shared --enable-linker-build-id --libexecdir=/usr/libexec --without-included-gettext --enable-threads=posix --libdir=/usr/lib --enable-nls --enable-bootstrap --enable-clocale=gnu --enable-libstdcxx-debug --enable-libstdcxx-time=yes --with-default-libstdcxx-abi=new --enable-libstdcxx-backtrace --enable-gnu-unique-object --disable-vtable-verify --enable-plugin --enable-default-pie --with-system-zlib --enable-libphobos-checking=release --with-target-system-zlib=auto --enable-objc-gc=auto --enable-multiarch --disable-werror --enable-cet --with-arch-32=i686 --with-abi=m64 --with-multilib-list=m32,m64,mx32 --enable-multilib --with-tune=generic --enable-offload-targets=nvptx-none=/build/gcc-13-EldibY/gcc-13-13.3.0/debian/tmp-nvptx/usr,amdgcn-amdhsa=/build/gcc-13-EldibY/gcc-13-13.3.0/debian/tmp-gcn/usr --enable-offload-defaulted --without-cuda-driver --enable-checking=release --build=x86_64-linux-gnu --host=x86_64-linux-gnu --target=x86_64-linux-gnu --with-build-config=bootstrap-lto-lean --enable-link-serialization=2
Thread model: posix
Supported LTO compression algorithms: zlib zstd
gcc version 13.3.0 (Ubuntu 13.3.0-6ubuntu2~24.04.1) 
... rest of stderr output deleted ...
configure:13490: $? = 0
configure:13479: gcc -V >&5
gcc: error: unrecognized command-line option '-V'
gcc: fatal error: no input files
compilation terminated.
configure:13490: $? = 1
configure:13479: gcc -qversion >&5
gcc: error: unrecognized command-line option '-qversion'; did you mean '--version'?
gcc: fatal error: no input files
compilation terminated.
configure:13490: $? = 1
configure:13479: gcc -version >&5
gcc: error: unrecognized command-line option '-version'
gcc: fatal error: no input files
compilation terminated.
configure:13490: $? = 1
configure:13494: checking whether the compiler supports GNU C
configure:13524: result: yes
configure:13535: checking whether gcc accepts -g
configure:13600: result: yes
configure:13620: checking for gcc option to enable C11 features
configure:13653: result: none needed
configure:13769: checking whether gcc understands -c and -o together
configure:13807: result: yes
configure:13826: checking dependency style of gcc
configure:13938: result: gcc3
configure:14016: checking for pkg-config
configure:14039: found /usr/bin/pkg-config
configure:14051: result: /usr/bin/pkg-config
configure:14076: checking pkg-config is at least version 0.9.0
configure:14079: result: yes
configure:14089: checking for fcntl.h
configure:14089: gcc -c -g -O2  conftest.c >&5
configure:14089: $? = 0
configure:14089: result: yes
configure:14095: checking for stdlib.h
configure:14095: result: yes
configure:14101: checking for string.h
configure:14101: result: yes
configure:14107: checking for sys/socket.h
configure:14107: gcc -c -g -O2  conftest.c >&5
configure:14107: $? = 0
configure:14107: result: yes
configure:14113: checking for time.h
configure:14113: gcc -c -g -O2  conftest.c >&5
configure:14113: $? = 0
configure:14113: result: yes
configure:14119: checking for sys/time.h
configure:14119: gcc -c -g -O2  conftest.c >&5
configure:14119: $? = 0
configure:14119: result: yes
configure:14125: checking for syslog.h
configure:14125: gcc -c -g -O2  conftest.c >&5
configure:14125: $? = 0
configure:14125: result: yes
configure:14131: checking for unistd.h
configure:14131: result: yes
configure:14137: checking for cairo/cairo.h
configure:14137: gcc -c -g -O2  conftest.c >&5
configure:14137: $? = 0
configure:14137: result: yes
configure:14143: checking for pngstruct.h
configure:14143: gcc -c -g -O2  conftest.c >&5
conftest.c:60:10: fatal error: pngstruct.h: No such file or directory
   60 | #include <pngstruct.h>
      |          ^~~~~~~~~~~~~
compilation terminated.
configure:14143: $? = 1
configure: failed program was:
| /* confdefs.h */
| #define PACKAGE_NAME "guacamole-server"
| #define PACKAGE_TARNAME "guacamole-server"
| #define PACKAGE_VERSION "1.6.0"
| #define PACKAGE_STRING "guacamole-server 1.6.0"
| #define PACKAGE_BUGREPORT ""
| #define PACKAGE_URL ""
| #define PACKAGE "guacamole-server"
| #define VERSION "1.6.0"
| #define HAVE_STDIO_H 1
| #define HAVE_STDLIB_H 1
| #define HAVE_STRING_H 1
| #define HAVE_INTTYPES_H 1
| #define HAVE_STDINT_H 1
| #define HAVE_STRINGS_H 1
| #define HAVE_SYS_STAT_H 1
| #define HAVE_SYS_TYPES_H 1
| #define HAVE_UNISTD_H 1
| #define STDC_HEADERS 1
| #define HAVE_DLFCN_H 1
| #define LT_OBJDIR ".libs/"
| #define HAVE_FCNTL_H 1
| #define HAVE_STDLIB_H 1
| #define HAVE_STRING_H 1
| #define HAVE_SYS_SOCKET_H 1
| #define HAVE_TIME_H 1
| #define HAVE_SYS_TIME_H 1
| #define HAVE_SYSLOG_H 1
| #define HAVE_UNISTD_H 1
| #define HAVE_CAIRO_CAIRO_H 1
| /* end confdefs.h.  */
| #include <stddef.h>
| #ifdef HAVE_STDIO_H
| # include <stdio.h>
| #endif
| #ifdef HAVE_STDLIB_H
| # include <stdlib.h>
| #endif
| #ifdef HAVE_STRING_H
| # include <string.h>
| #endif
| #ifdef HAVE_INTTYPES_H
| # include <inttypes.h>
| #endif
| #ifdef HAVE_STDINT_H
| # include <stdint.h>
| #endif
| #ifdef HAVE_STRINGS_H
| # include <strings.h>
| #endif
| #ifdef HAVE_SYS_TYPES_H
| # include <sys/types.h>
| #endif
| #ifdef HAVE_SYS_STAT_H
| # include <sys/stat.h>
| #endif
| #ifdef HAVE_UNISTD_H
| # include <unistd.h>
| #endif
| #include <pngstruct.h>
configure:14143: result: no
configure:14164: checking for sched_getaffinity
configure:14164: gcc -o conftest -g -O2   conftest.c  >&5
configure:14164: $? = 0
configure:14164: result: yes
configure:14173: checking for gcc options needed to detect all undeclared functions
configure:14195: gcc -c -g -O2   conftest.c >&5
conftest.c: In function 'main':
conftest.c:40:8: error: 'strchr' undeclared (first use in this function)
   40 | (void) strchr;
      |        ^~~~~~
conftest.c:1:1: note: 'strchr' is defined in header '<string.h>'; did you forget to '#include <string.h>'?
    1 | /* confdefs.h */
conftest.c:40:8: note: each undeclared identifier is reported only once for each function it appears in
   40 | (void) strchr;
      |        ^~~~~~
configure:14195: $? = 1
configure: failed program was:
| /* confdefs.h */
| #define PACKAGE_NAME "guacamole-server"
| #define PACKAGE_TARNAME "guacamole-server"
| #define PACKAGE_VERSION "1.6.0"
| #define PACKAGE_STRING "guacamole-server 1.6.0"
| #define PACKAGE_BUGREPORT ""
| #define PACKAGE_URL ""
| #define PACKAGE "guacamole-server"
| #define VERSION "1.6.0"
| #define HAVE_STDIO_H 1
| #define HAVE_STDLIB_H 1
| #define HAVE_STRING_H 1
| #define HAVE_INTTYPES_H 1
| #define HAVE_STDINT_H 1
| #define HAVE_STRINGS_H 1
| #define HAVE_SYS_STAT_H 1
| #define HAVE_SYS_TYPES_H 1
| #define HAVE_UNISTD_H 1
| #define STDC_HEADERS 1
| #define HAVE_DLFCN_H 1
| #define LT_OBJDIR ".libs/"
| #define HAVE_FCNTL_H 1
| #define HAVE_STDLIB_H 1
| #define HAVE_STRING_H 1
| #define HAVE_SYS_SOCKET_H 1
| #define HAVE_TIME_H 1
| #define HAVE_SYS_TIME_H 1
| #define HAVE_SYSLOG_H 1
| #define HAVE_UNISTD_H 1
| #define HAVE_CAIRO_CAIRO_H 1
| #define _GNU_SOURCE 1
| #define _XOPEN_SOURCE 700
| #define __BSD_VISIBLE 1
| #define HAVE_SCHED_GETAFFINITY 1
| /* end confdefs.h.  */
| 
| int
| main (void)
| {
| (void) strchr;
|   ;
|   return 0;
| }
configure:14222: gcc -c -g -O2   conftest.c >&5
configure:14222: $? = 0
configure:14239: result: none needed
configure:14253: checking for cos in -lm
configure:14276: gcc -o conftest -g -O2   conftest.c -lm   >&5
conftest.c:40:6: warning: conflicting types for built-in function 'cos'; expected 'double(double)' [-Wbuiltin-declaration-mismatch]
   40 | char cos ();
      |      ^~~
conftest.c:1:1: note: 'cos' is declared in header '<math.h>'
    1 | /* confdefs.h */
configure:14276: $? = 0
configure:14286: result: yes
configure:14304: checking for png_write_png in -lpng
configure:14327: gcc -o conftest -g -O2   conftest.c -lpng   >&5
configure:14327: $? = 0
configure:14337: result: yes
configure:14348: checking for jpeg_start_compress in -ljpeg
configure:14371: gcc -o conftest -g -O2   conftest.c -ljpeg   >&5
configure:14371: $? = 0
configure:14381: result: yes
configure:14392: checking for cairo_create in -lcairo
configure:14415: gcc -o conftest -g -O2   conftest.c -lcairo   >&5
configure:14415: $? = 0
configure:14425: result: yes
configure:14436: checking for pthread_create in -lpthread
configure:14459: gcc -o conftest -g -O2   conftest.c -lpthread   >&5
configure:14459: $? = 0
configure:14469: result: yes
configure:14481: checking for timer_create
configure:14481: gcc -o conftest -g -O2   conftest.c  >&5
configure:14481: $? = 0
configure:14481: result: yes
configure:14484: result: timer_create was found without librt.
configure:14536: checking for dlopen in -ldl
configure:14559: gcc -o conftest -g -O2   conftest.c -ldl   >&5
configure:14559: $? = 0
configure:14569: result: yes
configure:14604: checking for uuid_generate in -luuid
configure:14627: gcc -o conftest -g -O2   conftest.c -luuid   >&5
configure:14627: $? = 0
configure:14637: result: yes
configure:14768: checking for CU_run_test in -lcunit
configure:14791: gcc -o conftest -g -O2   conftest.c -lcunit   >&5
/usr/bin/ld: cannot find -lcunit: No such file or directory
collect2: error: ld returned 1 exit status
configure:14791: $? = 1
configure: failed program was:
| /* confdefs.h */
| #define PACKAGE_NAME "guacamole-server"
| #define PACKAGE_TARNAME "guacamole-server"
| #define PACKAGE_VERSION "1.6.0"
| #define PACKAGE_STRING "guacamole-server 1.6.0"
| #define PACKAGE_BUGREPORT ""
| #define PACKAGE_URL ""
| #define PACKAGE "guacamole-server"
| #define VERSION "1.6.0"
| #define HAVE_STDIO_H 1
| #define HAVE_STDLIB_H 1
| #define HAVE_STRING_H 1
| #define HAVE_INTTYPES_H 1
| #define HAVE_STDINT_H 1
| #define HAVE_STRINGS_H 1
| #define HAVE_SYS_STAT_H 1
| #define HAVE_SYS_TYPES_H 1
| #define HAVE_UNISTD_H 1
| #define STDC_HEADERS 1
| #define HAVE_DLFCN_H 1
| #define LT_OBJDIR ".libs/"
| #define HAVE_FCNTL_H 1
| #define HAVE_STDLIB_H 1
| #define HAVE_STRING_H 1
| #define HAVE_SYS_SOCKET_H 1
| #define HAVE_TIME_H 1
| #define HAVE_SYS_TIME_H 1
| #define HAVE_SYSLOG_H 1
| #define HAVE_UNISTD_H 1
| #define HAVE_CAIRO_CAIRO_H 1
| #define _GNU_SOURCE 1
| #define _XOPEN_SOURCE 700
| #define __BSD_VISIBLE 1
| #define HAVE_SCHED_GETAFFINITY 1
| #define HAVE_LIBPTHREAD /**/
| #define HAVE_LIBUUID /**/
| /* end confdefs.h.  */
| 
| /* Override any GCC internal prototype to avoid an error.
|    Use char because int might match the return type of a GCC
|    builtin and then its argument prototype would still apply.  */
| char CU_run_test ();
| int
| main (void)
| {
| return CU_run_test ();
|   ;
|   return 0;
| }
configure:14801: result: no
configure:14820: checking for clock_gettime
configure:14820: gcc -o conftest -g -O2   conftest.c  >&5
configure:14820: $? = 0
configure:14820: result: yes
configure:14826: checking for gettimeofday
configure:14826: gcc -o conftest -g -O2   conftest.c  >&5
configure:14826: $? = 0
configure:14826: result: yes
configure:14832: checking for memmove
configure:14832: gcc -o conftest -g -O2   conftest.c  >&5
conftest.c:56:6: warning: conflicting types for built-in function 'memmove'; expected 'void *(void *, const void *, long unsigned int)' [-Wbuiltin-declaration-mismatch]
   56 | char memmove ();
      |      ^~~~~~~
conftest.c:48:1: note: 'memmove' is declared in header '<string.h>'
   47 | #include <limits.h>
   48 | #undef memmove
configure:14832: $? = 0
configure:14832: result: yes
configure:14838: checking for memset
configure:14838: gcc -o conftest -g -O2   conftest.c  >&5
conftest.c:57:6: warning: conflicting types for built-in function 'memset'; expected 'void *(void *, int,  long unsigned int)' [-Wbuiltin-declaration-mismatch]
   57 | char memset ();
      |      ^~~~~~
conftest.c:49:1: note: 'memset' is declared in header '<string.h>'
   48 | #include <limits.h>
   49 | #undef memset
configure:14838: $? = 0
configure:14838: result: yes
configure:14844: checking for select
configure:14844: gcc -o conftest -g -O2   conftest.c  >&5
configure:14844: $? = 0
configure:14844: result: yes
configure:14850: checking for strdup
configure:14850: gcc -o conftest -g -O2   conftest.c  >&5
conftest.c:59:6: warning: conflicting types for built-in function 'strdup'; expected 'char *(const char *)' [-Wbuiltin-declaration-mismatch]
   59 | char strdup ();
      |      ^~~~~~
configure:14850: $? = 0
configure:14850: result: yes
configure:14856: checking for nanosleep
configure:14856: gcc -o conftest -g -O2   conftest.c  >&5
configure:14856: $? = 0
configure:14856: result: yes
configure:14864: checking whether png_get_io_ptr is declared
configure:14864: gcc -c -g -O2   conftest.c >&5
configure:14864: $? = 0
configure:14864: result: yes
configure:14873: checking whether cairo_format_stride_for_width is declared
configure:14873: gcc -c -g -O2   conftest.c >&5
configure:14873: $? = 0
configure:14873: result: yes
configure:14882: checking whether poll is declared
configure:14882: gcc -c -g -O2   conftest.c >&5
configure:14882: $? = 0
configure:14882: result: yes
configure:14891: checking whether strlcpy is declared
configure:14891: gcc -c -g -O2   conftest.c >&5
configure:14891: $? = 0
configure:14891: result: yes
configure:14900: checking whether strlcat is declared
configure:14900: gcc -c -g -O2   conftest.c >&5
configure:14900: $? = 0
configure:14900: result: yes
configure:14909: checking whether strnstr is declared
configure:14909: gcc -c -g -O2   conftest.c >&5
conftest.c: In function 'main':
conftest.c:59:10: error: 'strnstr' undeclared (first use in this function); did you mean 'strstr'?
   59 |   (void) strnstr;
      |          ^~~~~~~
      |          strstr
conftest.c:59:10: note: each undeclared identifier is reported only once for each function it appears in
configure:14909: $? = 1
configure: failed program was:
| /* confdefs.h */
| #define PACKAGE_NAME "guacamole-server"
| #define PACKAGE_TARNAME "guacamole-server"
| #define PACKAGE_VERSION "1.6.0"
| #define PACKAGE_STRING "guacamole-server 1.6.0"
| #define PACKAGE_BUGREPORT ""
| #define PACKAGE_URL ""
| #define PACKAGE "guacamole-server"
| #define VERSION "1.6.0"
| #define HAVE_STDIO_H 1
| #define HAVE_STDLIB_H 1
| #define HAVE_STRING_H 1
| #define HAVE_INTTYPES_H 1
| #define HAVE_STDINT_H 1
| #define HAVE_STRINGS_H 1
| #define HAVE_SYS_STAT_H 1
| #define HAVE_SYS_TYPES_H 1
| #define HAVE_UNISTD_H 1
| #define STDC_HEADERS 1
| #define HAVE_DLFCN_H 1
| #define LT_OBJDIR ".libs/"
| #define HAVE_FCNTL_H 1
| #define HAVE_STDLIB_H 1
| #define HAVE_STRING_H 1
| #define HAVE_SYS_SOCKET_H 1
| #define HAVE_TIME_H 1
| #define HAVE_SYS_TIME_H 1
| #define HAVE_SYSLOG_H 1
| #define HAVE_UNISTD_H 1
| #define HAVE_CAIRO_CAIRO_H 1
| #define _GNU_SOURCE 1
| #define _XOPEN_SOURCE 700
| #define __BSD_VISIBLE 1
| #define HAVE_SCHED_GETAFFINITY 1
| #define HAVE_LIBPTHREAD /**/
| #define HAVE_LIBUUID /**/
| #define HAVE_CLOCK_GETTIME 1
| #define HAVE_GETTIMEOFDAY 1
| #define HAVE_MEMMOVE 1
| #define HAVE_MEMSET 1
| #define HAVE_SELECT 1
| #define HAVE_STRDUP 1
| #define HAVE_NANOSLEEP 1
| #define HAVE_PNG_GET_IO_PTR /**/
| #define HAVE_CAIRO_FORMAT_STRIDE_FOR_WIDTH /**/
| #define HAVE_POLL /**/
| #define HAVE_STRLCPY /**/
| #define HAVE_STRLCAT /**/
| /* end confdefs.h.  */
| #include <string.h>
| 
| int
| main (void)
| {
| #ifndef strnstr
| #ifdef __cplusplus
|   (void) strnstr;
| #else
|   (void) strnstr;
| #endif
| #endif
| 
|   ;
|   return 0;
| }
configure:14909: result: no
configure:14919: checking for size_t
configure:14919: gcc -c -g -O2  conftest.c >&5
configure:14919: $? = 0
configure:14919: gcc -c -g -O2  conftest.c >&5
conftest.c: In function 'main':
conftest.c:81:21: error: expected expression before ')' token
   81 | if (sizeof ((size_t)))
      |                     ^
configure:14919: $? = 1
configure: failed program was:
| /* confdefs.h */
| #define PACKAGE_NAME "guacamole-server"
| #define PACKAGE_TARNAME "guacamole-server"
| #define PACKAGE_VERSION "1.6.0"
| #define PACKAGE_STRING "guacamole-server 1.6.0"
| #define PACKAGE_BUGREPORT ""
| #define PACKAGE_URL ""
| #define PACKAGE "guacamole-server"
| #define VERSION "1.6.0"
| #define HAVE_STDIO_H 1
| #define HAVE_STDLIB_H 1
| #define HAVE_STRING_H 1
| #define HAVE_INTTYPES_H 1
| #define HAVE_STDINT_H 1
| #define HAVE_STRINGS_H 1
| #define HAVE_SYS_STAT_H 1
| #define HAVE_SYS_TYPES_H 1
| #define HAVE_UNISTD_H 1
| #define STDC_HEADERS 1
| #define HAVE_DLFCN_H 1
| #define LT_OBJDIR ".libs/"
| #define HAVE_FCNTL_H 1
| #define HAVE_STDLIB_H 1
| #define HAVE_STRING_H 1
| #define HAVE_SYS_SOCKET_H 1
| #define HAVE_TIME_H 1
| #define HAVE_SYS_TIME_H 1
| #define HAVE_SYSLOG_H 1
| #define HAVE_UNISTD_H 1
| #define HAVE_CAIRO_CAIRO_H 1
| #define _GNU_SOURCE 1
| #define _XOPEN_SOURCE 700
| #define __BSD_VISIBLE 1
| #define HAVE_SCHED_GETAFFINITY 1
| #define HAVE_LIBPTHREAD /**/
| #define HAVE_LIBUUID /**/
| #define HAVE_CLOCK_GETTIME 1
| #define HAVE_GETTIMEOFDAY 1
| #define HAVE_MEMMOVE 1
| #define HAVE_MEMSET 1
| #define HAVE_SELECT 1
| #define HAVE_STRDUP 1
| #define HAVE_NANOSLEEP 1
| #define HAVE_PNG_GET_IO_PTR /**/
| #define HAVE_CAIRO_FORMAT_STRIDE_FOR_WIDTH /**/
| #define HAVE_POLL /**/
| #define HAVE_STRLCPY /**/
| #define HAVE_STRLCAT /**/
| /* end confdefs.h.  */
| #include <stddef.h>
| #ifdef HAVE_STDIO_H
| # include <stdio.h>
| #endif
| #ifdef HAVE_STDLIB_H
| # include <stdlib.h>
| #endif
| #ifdef HAVE_STRING_H
| # include <string.h>
| #endif
| #ifdef HAVE_INTTYPES_H
| # include <inttypes.h>
| #endif
| #ifdef HAVE_STDINT_H
| # include <stdint.h>
| #endif
| #ifdef HAVE_STRINGS_H
| # include <strings.h>
| #endif
| #ifdef HAVE_SYS_TYPES_H
| # include <sys/types.h>
| #endif
| #ifdef HAVE_SYS_STAT_H
| # include <sys/stat.h>
| #endif
| #ifdef HAVE_UNISTD_H
| # include <unistd.h>
| #endif
| int
| main (void)
| {
| if (sizeof ((size_t)))
| 	    return 0;
|   ;
|   return 0;
| }
configure:14919: result: yes
configure:14929: checking for ssize_t
configure:14929: gcc -c -g -O2  conftest.c >&5
configure:14929: $? = 0
configure:14929: gcc -c -g -O2  conftest.c >&5
conftest.c: In function 'main':
conftest.c:81:22: error: expected expression before ')' token
   81 | if (sizeof ((ssize_t)))
      |                      ^
configure:14929: $? = 1
configure: failed program was:
| /* confdefs.h */
| #define PACKAGE_NAME "guacamole-server"
| #define PACKAGE_TARNAME "guacamole-server"
| #define PACKAGE_VERSION "1.6.0"
| #define PACKAGE_STRING "guacamole-server 1.6.0"
| #define PACKAGE_BUGREPORT ""
| #define PACKAGE_URL ""
| #define PACKAGE "guacamole-server"
| #define VERSION "1.6.0"
| #define HAVE_STDIO_H 1
| #define HAVE_STDLIB_H 1
| #define HAVE_STRING_H 1
| #define HAVE_INTTYPES_H 1
| #define HAVE_STDINT_H 1
| #define HAVE_STRINGS_H 1
| #define HAVE_SYS_STAT_H 1
| #define HAVE_SYS_TYPES_H 1
| #define HAVE_UNISTD_H 1
| #define STDC_HEADERS 1
| #define HAVE_DLFCN_H 1
| #define LT_OBJDIR ".libs/"
| #define HAVE_FCNTL_H 1
| #define HAVE_STDLIB_H 1
| #define HAVE_STRING_H 1
| #define HAVE_SYS_SOCKET_H 1
| #define HAVE_TIME_H 1
| #define HAVE_SYS_TIME_H 1
| #define HAVE_SYSLOG_H 1
| #define HAVE_UNISTD_H 1
| #define HAVE_CAIRO_CAIRO_H 1
| #define _GNU_SOURCE 1
| #define _XOPEN_SOURCE 700
| #define __BSD_VISIBLE 1
| #define HAVE_SCHED_GETAFFINITY 1
| #define HAVE_LIBPTHREAD /**/
| #define HAVE_LIBUUID /**/
| #define HAVE_CLOCK_GETTIME 1
| #define HAVE_GETTIMEOFDAY 1
| #define HAVE_MEMMOVE 1
| #define HAVE_MEMSET 1
| #define HAVE_SELECT 1
| #define HAVE_STRDUP 1
| #define HAVE_NANOSLEEP 1
| #define HAVE_PNG_GET_IO_PTR /**/
| #define HAVE_CAIRO_FORMAT_STRIDE_FOR_WIDTH /**/
| #define HAVE_POLL /**/
| #define HAVE_STRLCPY /**/
| #define HAVE_STRLCAT /**/
| /* end confdefs.h.  */
| #include <stddef.h>
| #ifdef HAVE_STDIO_H
| # include <stdio.h>
| #endif
| #ifdef HAVE_STDLIB_H
| # include <stdlib.h>
| #endif
| #ifdef HAVE_STRING_H
| # include <string.h>
| #endif
| #ifdef HAVE_INTTYPES_H
| # include <inttypes.h>
| #endif
| #ifdef HAVE_STDINT_H
| # include <stdint.h>
| #endif
| #ifdef HAVE_STRINGS_H
| # include <strings.h>
| #endif
| #ifdef HAVE_SYS_TYPES_H
| # include <sys/types.h>
| #endif
| #ifdef HAVE_SYS_STAT_H
| # include <sys/stat.h>
| #endif
| #ifdef HAVE_UNISTD_H
| # include <unistd.h>
| #endif
| int
| main (void)
| {
| if (sizeof ((ssize_t)))
| 	    return 0;
|   ;
|   return 0;
| }
configure:14929: result: yes
configure:15052: checking for libavcodec
configure:15059: $PKG_CONFIG --exists --print-errors "libavcodec"
configure:15062: $? = 0
configure:15076: $PKG_CONFIG --exists --print-errors "libavcodec"
configure:15079: $? = 0
configure:15117: result: yes
configure:15152: checking for libavformat
configure:15159: $PKG_CONFIG --exists --print-errors "libavformat"
configure:15162: $? = 0
configure:15176: $PKG_CONFIG --exists --print-errors "libavformat"
configure:15179: $? = 0
configure:15217: result: yes
configure:15252: checking for libavutil
configure:15259: $PKG_CONFIG --exists --print-errors "libavutil"
configure:15262: $? = 0
configure:15276: $PKG_CONFIG --exists --print-errors "libavutil"
configure:15279: $? = 0
configure:15317: result: yes
configure:15352: checking for libswscale
configure:15359: $PKG_CONFIG --exists --print-errors "libswscale"
configure:15362: $? = 0
configure:15376: $PKG_CONFIG --exists --print-errors "libswscale"
configure:15379: $? = 0
configure:15417: result: yes
configure:15452: checking for openssl/ssl.h
configure:15452: gcc -c -g -O2  conftest.c >&5
configure:15452: $? = 0
configure:15452: result: yes
configure:15460: checking for SSL_CTX_new in -lssl
configure:15483: gcc -o conftest -g -O2   conftest.c -lssl   >&5
configure:15483: $? = 0
configure:15493: result: yes
configure:15521: checking whether libssl requires threading callbacks
configure:15539: gcc -c -g -O2  conftest.c >&5
configure:15539: $? = 0
configure:15541: result: no
configure:15584: checking for main in -lwsock32
configure:15604: gcc -o conftest -g -O2   conftest.c -lwsock32   >&5
/usr/bin/ld: cannot find -lwsock32: No such file or directory
collect2: error: ld returned 1 exit status
configure:15604: $? = 1
configure: failed program was:
| /* confdefs.h */
| #define PACKAGE_NAME "guacamole-server"
| #define PACKAGE_TARNAME "guacamole-server"
| #define PACKAGE_VERSION "1.6.0"
| #define PACKAGE_STRING "guacamole-server 1.6.0"
| #define PACKAGE_BUGREPORT ""
| #define PACKAGE_URL ""
| #define PACKAGE "guacamole-server"
| #define VERSION "1.6.0"
| #define HAVE_STDIO_H 1
| #define HAVE_STDLIB_H 1
| #define HAVE_STRING_H 1
| #define HAVE_INTTYPES_H 1
| #define HAVE_STDINT_H 1
| #define HAVE_STRINGS_H 1
| #define HAVE_SYS_STAT_H 1
| #define HAVE_SYS_TYPES_H 1
| #define HAVE_UNISTD_H 1
| #define STDC_HEADERS 1
| #define HAVE_DLFCN_H 1
| #define LT_OBJDIR ".libs/"
| #define HAVE_FCNTL_H 1
| #define HAVE_STDLIB_H 1
| #define HAVE_STRING_H 1
| #define HAVE_SYS_SOCKET_H 1
| #define HAVE_TIME_H 1
| #define HAVE_SYS_TIME_H 1
| #define HAVE_SYSLOG_H 1
| #define HAVE_UNISTD_H 1
| #define HAVE_CAIRO_CAIRO_H 1
| #define _GNU_SOURCE 1
| #define _XOPEN_SOURCE 700
| #define __BSD_VISIBLE 1
| #define HAVE_SCHED_GETAFFINITY 1
| #define HAVE_LIBPTHREAD /**/
| #define HAVE_LIBUUID /**/
| #define HAVE_CLOCK_GETTIME 1
| #define HAVE_GETTIMEOFDAY 1
| #define HAVE_MEMMOVE 1
| #define HAVE_MEMSET 1
| #define HAVE_SELECT 1
| #define HAVE_STRDUP 1
| #define HAVE_NANOSLEEP 1
| #define HAVE_PNG_GET_IO_PTR /**/
| #define HAVE_CAIRO_FORMAT_STRIDE_FOR_WIDTH /**/
| #define HAVE_POLL /**/
| #define HAVE_STRLCPY /**/
| #define HAVE_STRLCAT /**/
| #define GUACD_CONF_FILE "/etc/guacamole/guacd.conf"
| #define ENABLE_SSL /**/
| /* end confdefs.h.  */
| 
| 
| int
| main (void)
| {
| return main ();
|   ;
|   return 0;
| }
configure:15614: result: no
configure:15658: checking for vorbis/vorbisenc.h
configure:15658: gcc -c -g -O2  conftest.c >&5
configure:15658: $? = 0
configure:15658: result: yes
configure:15666: checking for ogg_stream_init in -logg
configure:15689: gcc -o conftest -g -O2   conftest.c -logg   >&5
configure:15689: $? = 0
configure:15699: result: yes
configure:15708: checking for vorbis_block_init in -lvorbis
configure:15731: gcc -o conftest -g -O2   conftest.c -lvorbis   >&5
configure:15731: $? = 0
configure:15741: result: yes
configure:15750: checking for vorbis_encode_init in -lvorbisenc
configure:15773: gcc -o conftest -g -O2   conftest.c -lvorbisenc   >&5
configure:15773: $? = 0
configure:15783: result: yes
configure:15842: checking for pa_context_new in -lpulse
configure:15865: gcc -o conftest -g -O2   conftest.c -lpulse   >&5
configure:15865: $? = 0
configure:15875: result: yes
configure:15934: checking for pango
configure:15941: $PKG_CONFIG --exists --print-errors "pango"
configure:15944: $? = 0
configure:15958: $PKG_CONFIG --exists --print-errors "pango"
configure:15961: $? = 0
configure:15999: result: yes
configure:16005: checking for pangocairo
configure:16012: $PKG_CONFIG --exists --print-errors "pangocairo"
configure:16015: $? = 0
configure:16029: $PKG_CONFIG --exists --print-errors "pangocairo"
configure:16032: $? = 0
configure:16070: result: yes
configure:16128: checking for rfbInitClient in -lvncclient
configure:16151: gcc -o conftest -g -O2   conftest.c -lvncclient   >&5
configure:16151: $? = 0
configure:16161: result: yes
configure:16180: checking whether LIBVNCSERVER_WITH_CLIENT_GCRYPT is declared
configure:16180: gcc -c -g -O2   conftest.c >&5
conftest.c: In function 'main':
conftest.c:63:10: error: 'LIBVNCSERVER_WITH_CLIENT_GCRYPT' undeclared (first use in this function); did you mean 'LIBVNCSERVER_HAVE_LIBGCRYPT'?
   63 |   (void) LIBVNCSERVER_WITH_CLIENT_GCRYPT;
      |          ^~~~~~~~~~~~~~~~~~~~~~~~~~~~~~~
      |          LIBVNCSERVER_HAVE_LIBGCRYPT
conftest.c:63:10: note: each undeclared identifier is reported only once for each function it appears in
configure:16180: $? = 1
configure: failed program was:
| /* confdefs.h */
| #define PACKAGE_NAME "guacamole-server"
| #define PACKAGE_TARNAME "guacamole-server"
| #define PACKAGE_VERSION "1.6.0"
| #define PACKAGE_STRING "guacamole-server 1.6.0"
| #define PACKAGE_BUGREPORT ""
| #define PACKAGE_URL ""
| #define PACKAGE "guacamole-server"
| #define VERSION "1.6.0"
| #define HAVE_STDIO_H 1
| #define HAVE_STDLIB_H 1
| #define HAVE_STRING_H 1
| #define HAVE_INTTYPES_H 1
| #define HAVE_STDINT_H 1
| #define HAVE_STRINGS_H 1
| #define HAVE_SYS_STAT_H 1
| #define HAVE_SYS_TYPES_H 1
| #define HAVE_UNISTD_H 1
| #define STDC_HEADERS 1
| #define HAVE_DLFCN_H 1
| #define LT_OBJDIR ".libs/"
| #define HAVE_FCNTL_H 1
| #define HAVE_STDLIB_H 1
| #define HAVE_STRING_H 1
| #define HAVE_SYS_SOCKET_H 1
| #define HAVE_TIME_H 1
| #define HAVE_SYS_TIME_H 1
| #define HAVE_SYSLOG_H 1
| #define HAVE_UNISTD_H 1
| #define HAVE_CAIRO_CAIRO_H 1
| #define _GNU_SOURCE 1
| #define _XOPEN_SOURCE 700
| #define __BSD_VISIBLE 1
| #define HAVE_SCHED_GETAFFINITY 1
| #define HAVE_LIBPTHREAD /**/
| #define HAVE_LIBUUID /**/
| #define HAVE_CLOCK_GETTIME 1
| #define HAVE_GETTIMEOFDAY 1
| #define HAVE_MEMMOVE 1
| #define HAVE_MEMSET 1
| #define HAVE_SELECT 1
| #define HAVE_STRDUP 1
| #define HAVE_NANOSLEEP 1
| #define HAVE_PNG_GET_IO_PTR /**/
| #define HAVE_CAIRO_FORMAT_STRIDE_FOR_WIDTH /**/
| #define HAVE_POLL /**/
| #define HAVE_STRLCPY /**/
| #define HAVE_STRLCAT /**/
| #define GUACD_CONF_FILE "/etc/guacamole/guacd.conf"
| #define ENABLE_SSL /**/
| #define ENABLE_OGG /**/
| #define ENABLE_PULSE /**/
| /* end confdefs.h.  */
| #include <rfb/rfbconfig.h>
| 
| int
| main (void)
| {
| #ifndef LIBVNCSERVER_WITH_CLIENT_GCRYPT
| #ifdef __cplusplus
|   (void) LIBVNCSERVER_WITH_CLIENT_GCRYPT;
| #else
|   (void) LIBVNCSERVER_WITH_CLIENT_GCRYPT;
| #endif
| #endif
| 
|   ;
|   return 0;
| }
configure:16180: result: no
configure:16226: checking for rfbClient.destHost
configure:16226: gcc -c -g -O2  conftest.c >&5
configure:16226: $? = 0
configure:16226: result: yes
configure:16237: checking for rfbClient.destPort
configure:16237: gcc -c -g -O2  conftest.c >&5
configure:16237: $? = 0
configure:16237: result: yes
configure:16278: checking whether listenForIncomingConnectionsNoFork is declared
configure:16278: gcc -c -g -O2   conftest.c >&5
configure:16278: $? = 0
configure:16278: result: yes
configure:16315: checking for rfbClient.LockWriteToTLS
configure:16315: gcc -c -g -O2  conftest.c >&5
configure:16315: $? = 0
configure:16315: result: yes
configure:16326: checking for rfbClient.UnlockWriteToTLS
configure:16326: gcc -c -g -O2  conftest.c >&5
configure:16326: $? = 0
configure:16326: result: yes
configure:16370: checking for rfbClient.GetCredential
configure:16370: gcc -c -g -O2  conftest.c >&5
configure:16370: $? = 0
configure:16370: result: yes
configure:16415: checking for rfbSetDesktopSizeMsg
configure:16415: gcc -c -g -O2  conftest.c >&5
configure:16415: $? = 0
configure:16415: gcc -c -g -O2  conftest.c >&5
conftest.c: In function 'main':
conftest.c:68:35: error: expected expression before ')' token
   68 | if (sizeof ((rfbSetDesktopSizeMsg)))
      |                                   ^
configure:16415: $? = 1
configure: failed program was:
| /* confdefs.h */
| #define PACKAGE_NAME "guacamole-server"
| #define PACKAGE_TARNAME "guacamole-server"
| #define PACKAGE_VERSION "1.6.0"
| #define PACKAGE_STRING "guacamole-server 1.6.0"
| #define PACKAGE_BUGREPORT ""
| #define PACKAGE_URL ""
| #define PACKAGE "guacamole-server"
| #define VERSION "1.6.0"
| #define HAVE_STDIO_H 1
| #define HAVE_STDLIB_H 1
| #define HAVE_STRING_H 1
| #define HAVE_INTTYPES_H 1
| #define HAVE_STDINT_H 1
| #define HAVE_STRINGS_H 1
| #define HAVE_SYS_STAT_H 1
| #define HAVE_SYS_TYPES_H 1
| #define HAVE_UNISTD_H 1
| #define STDC_HEADERS 1
| #define HAVE_DLFCN_H 1
| #define LT_OBJDIR ".libs/"
| #define HAVE_FCNTL_H 1
| #define HAVE_STDLIB_H 1
| #define HAVE_STRING_H 1
| #define HAVE_SYS_SOCKET_H 1
| #define HAVE_TIME_H 1
| #define HAVE_SYS_TIME_H 1
| #define HAVE_SYSLOG_H 1
| #define HAVE_UNISTD_H 1
| #define HAVE_CAIRO_CAIRO_H 1
| #define _GNU_SOURCE 1
| #define _XOPEN_SOURCE 700
| #define __BSD_VISIBLE 1
| #define HAVE_SCHED_GETAFFINITY 1
| #define HAVE_LIBPTHREAD /**/
| #define HAVE_LIBUUID /**/
| #define HAVE_CLOCK_GETTIME 1
| #define HAVE_GETTIMEOFDAY 1
| #define HAVE_MEMMOVE 1
| #define HAVE_MEMSET 1
| #define HAVE_SELECT 1
| #define HAVE_STRDUP 1
| #define HAVE_NANOSLEEP 1
| #define HAVE_PNG_GET_IO_PTR /**/
| #define HAVE_CAIRO_FORMAT_STRIDE_FOR_WIDTH /**/
| #define HAVE_POLL /**/
| #define HAVE_STRLCPY /**/
| #define HAVE_STRLCAT /**/
| #define GUACD_CONF_FILE "/etc/guacamole/guacd.conf"
| #define ENABLE_SSL /**/
| #define ENABLE_OGG /**/
| #define ENABLE_PULSE /**/
| #define HAVE_RFBCLIENT_DESTHOST 1
| #define HAVE_RFBCLIENT_DESTPORT 1
| #define ENABLE_VNC_REPEATER /**/
| #define ENABLE_VNC_LISTEN /**/
| #define HAVE_RFBCLIENT_LOCKWRITETOTLS 1
| #define HAVE_RFBCLIENT_UNLOCKWRITETOTLS 1
| #define ENABLE_VNC_TLS_LOCKING /**/
| #define HAVE_RFBCLIENT_GETCREDENTIAL 1
| #define ENABLE_VNC_GENERIC_CREDENTIALS /**/
| /* end confdefs.h.  */
| #include <rfb/rfbproto.h>
| 
| int
| main (void)
| {
| if (sizeof ((rfbSetDesktopSizeMsg)))
| 	    return 0;
|   ;
|   return 0;
| }
configure:16415: result: yes
configure:16425: checking for rfbClient.screen
configure:16425: gcc -c -g -O2  conftest.c >&5
conftest.c: In function 'main':
conftest.c:69:5: error: used struct type value where scalar is required
   69 | if (ac_aggr.screen)
      |     ^~~~~~~
configure:16425: $? = 1
configure: failed program was:
| /* confdefs.h */
| #define PACKAGE_NAME "guacamole-server"
| #define PACKAGE_TARNAME "guacamole-server"
| #define PACKAGE_VERSION "1.6.0"
| #define PACKAGE_STRING "guacamole-server 1.6.0"
| #define PACKAGE_BUGREPORT ""
| #define PACKAGE_URL ""
| #define PACKAGE "guacamole-server"
| #define VERSION "1.6.0"
| #define HAVE_STDIO_H 1
| #define HAVE_STDLIB_H 1
| #define HAVE_STRING_H 1
| #define HAVE_INTTYPES_H 1
| #define HAVE_STDINT_H 1
| #define HAVE_STRINGS_H 1
| #define HAVE_SYS_STAT_H 1
| #define HAVE_SYS_TYPES_H 1
| #define HAVE_UNISTD_H 1
| #define STDC_HEADERS 1
| #define HAVE_DLFCN_H 1
| #define LT_OBJDIR ".libs/"
| #define HAVE_FCNTL_H 1
| #define HAVE_STDLIB_H 1
| #define HAVE_STRING_H 1
| #define HAVE_SYS_SOCKET_H 1
| #define HAVE_TIME_H 1
| #define HAVE_SYS_TIME_H 1
| #define HAVE_SYSLOG_H 1
| #define HAVE_UNISTD_H 1
| #define HAVE_CAIRO_CAIRO_H 1
| #define _GNU_SOURCE 1
| #define _XOPEN_SOURCE 700
| #define __BSD_VISIBLE 1
| #define HAVE_SCHED_GETAFFINITY 1
| #define HAVE_LIBPTHREAD /**/
| #define HAVE_LIBUUID /**/
| #define HAVE_CLOCK_GETTIME 1
| #define HAVE_GETTIMEOFDAY 1
| #define HAVE_MEMMOVE 1
| #define HAVE_MEMSET 1
| #define HAVE_SELECT 1
| #define HAVE_STRDUP 1
| #define HAVE_NANOSLEEP 1
| #define HAVE_PNG_GET_IO_PTR /**/
| #define HAVE_CAIRO_FORMAT_STRIDE_FOR_WIDTH /**/
| #define HAVE_POLL /**/
| #define HAVE_STRLCPY /**/
| #define HAVE_STRLCAT /**/
| #define GUACD_CONF_FILE "/etc/guacamole/guacd.conf"
| #define ENABLE_SSL /**/
| #define ENABLE_OGG /**/
| #define ENABLE_PULSE /**/
| #define HAVE_RFBCLIENT_DESTHOST 1
| #define HAVE_RFBCLIENT_DESTPORT 1
| #define ENABLE_VNC_REPEATER /**/
| #define ENABLE_VNC_LISTEN /**/
| #define HAVE_RFBCLIENT_LOCKWRITETOTLS 1
| #define HAVE_RFBCLIENT_UNLOCKWRITETOTLS 1
| #define ENABLE_VNC_TLS_LOCKING /**/
| #define HAVE_RFBCLIENT_GETCREDENTIAL 1
| #define ENABLE_VNC_GENERIC_CREDENTIALS /**/
| /* end confdefs.h.  */
| #include <rfb/rfbclient.h>
| 
| int
| main (void)
| {
| static rfbClient ac_aggr;
| if (ac_aggr.screen)
| return 0;
|   ;
|   return 0;
| }
configure:16425: gcc -c -g -O2  conftest.c >&5
configure:16425: $? = 0
configure:16425: result: yes
configure:16473: checking for rfbClient.requestedResize
configure:16473: gcc -c -g -O2  conftest.c >&5
configure:16473: $? = 0
configure:16473: result: yes
configure:16532: checking for freerdp2 freerdp-client2 winpr2
configure:16539: $PKG_CONFIG --exists --print-errors "freerdp2 freerdp-client2 winpr2"
configure:16542: $? = 0
configure:16556: $PKG_CONFIG --exists --print-errors "freerdp2 freerdp-client2 winpr2"
configure:16559: $? = 0
configure:16599: result: yes
configure:16718: checking whether FreeRDPConvertColor is declared
configure:16718: gcc -c -g -O2  -I/usr/include/freerdp2/ -I/usr/include/winpr2  -Werror  conftest.c >&5
configure:16718: $? = 0
configure:16718: result: yes
configure:16924: checking whether Bitmap_Free() frees the rdpBitmap and its image data
./configure: line 16935: -I/usr/include/freerdp2/: No such file or directory
configure:16944: result: no
configure:16960: checking whether pVirtualChannelWriteEx() frees the wStream upon completion
./configure: line 16971: -I/usr/include/freerdp2/: No such file or directory
configure:16980: result: no
configure:16994: checking whether rdpGlyph callbacks accept INT32 integer parameters
configure:17018: gcc -c -g -O2 -I/usr/include/freerdp2/ -I/usr/include/winpr2  -Werror  conftest.c >&5
configure:17018: $? = 0
configure:17020: result: yes
configure:17038: checking whether CLIPRDR callbacks require const for their final parameter
configure:17060: gcc -c -g -O2 -I/usr/include/freerdp2/ -I/usr/include/winpr2  -Werror  conftest.c >&5
configure:17060: $? = 0
configure:17062: result: yes
configure:17080: checking whether RAIL callbacks require const for their final parameter
configure:17102: gcc -c -g -O2 -I/usr/include/freerdp2/ -I/usr/include/winpr2  -Werror  conftest.c >&5
configure:17102: $? = 0
configure:17104: result: yes
configure:17120: checking for rdpSettings.AllowUnanouncedOrdersFromServer
configure:17120: gcc -c -g -O2 -I/usr/include/freerdp2/ -I/usr/include/winpr2  -Werror  conftest.c >&5
configure:17120: $? = 0
configure:17120: result: yes
configure:17153: checking for freerdp.VerifyCertificateEx
configure:17153: gcc -c -g -O2 -I/usr/include/freerdp2/ -I/usr/include/winpr2  -Werror  conftest.c >&5
configure:17153: $? = 0
configure:17153: result: yes
configure:17167: checking whether winpr_aligned_free is declared
configure:17167: gcc -c -g -O2  -I/usr/include/freerdp2/ -I/usr/include/winpr2  -Werror  conftest.c >&5
conftest.c: In function 'main':
conftest.c:82:10: error: 'winpr_aligned_free' undeclared (first use in this function); did you mean '_aligned_free'?
   82 |   (void) winpr_aligned_free;
      |          ^~~~~~~~~~~~~~~~~~
      |          _aligned_free
conftest.c:82:10: note: each undeclared identifier is reported only once for each function it appears in
configure:17167: $? = 1
configure: failed program was:
| /* confdefs.h */
| #define PACKAGE_NAME "guacamole-server"
| #define PACKAGE_TARNAME "guacamole-server"
| #define PACKAGE_VERSION "1.6.0"
| #define PACKAGE_STRING "guacamole-server 1.6.0"
| #define PACKAGE_BUGREPORT ""
| #define PACKAGE_URL ""
| #define PACKAGE "guacamole-server"
| #define VERSION "1.6.0"
| #define HAVE_STDIO_H 1
| #define HAVE_STDLIB_H 1
| #define HAVE_STRING_H 1
| #define HAVE_INTTYPES_H 1
| #define HAVE_STDINT_H 1
| #define HAVE_STRINGS_H 1
| #define HAVE_SYS_STAT_H 1
| #define HAVE_SYS_TYPES_H 1
| #define HAVE_UNISTD_H 1
| #define STDC_HEADERS 1
| #define HAVE_DLFCN_H 1
| #define LT_OBJDIR ".libs/"
| #define HAVE_FCNTL_H 1
| #define HAVE_STDLIB_H 1
| #define HAVE_STRING_H 1
| #define HAVE_SYS_SOCKET_H 1
| #define HAVE_TIME_H 1
| #define HAVE_SYS_TIME_H 1
| #define HAVE_SYSLOG_H 1
| #define HAVE_UNISTD_H 1
| #define HAVE_CAIRO_CAIRO_H 1
| #define _GNU_SOURCE 1
| #define _XOPEN_SOURCE 700
| #define __BSD_VISIBLE 1
| #define HAVE_SCHED_GETAFFINITY 1
| #define HAVE_LIBPTHREAD /**/
| #define HAVE_LIBUUID /**/
| #define HAVE_CLOCK_GETTIME 1
| #define HAVE_GETTIMEOFDAY 1
| #define HAVE_MEMMOVE 1
| #define HAVE_MEMSET 1
| #define HAVE_SELECT 1
| #define HAVE_STRDUP 1
| #define HAVE_NANOSLEEP 1
| #define HAVE_PNG_GET_IO_PTR /**/
| #define HAVE_CAIRO_FORMAT_STRIDE_FOR_WIDTH /**/
| #define HAVE_POLL /**/
| #define HAVE_STRLCPY /**/
| #define HAVE_STRLCAT /**/
| #define GUACD_CONF_FILE "/etc/guacamole/guacd.conf"
| #define ENABLE_SSL /**/
| #define ENABLE_OGG /**/
| #define ENABLE_PULSE /**/
| #define HAVE_RFBCLIENT_DESTHOST 1
| #define HAVE_RFBCLIENT_DESTPORT 1
| #define ENABLE_VNC_REPEATER /**/
| #define ENABLE_VNC_LISTEN /**/
| #define HAVE_RFBCLIENT_LOCKWRITETOTLS 1
| #define HAVE_RFBCLIENT_UNLOCKWRITETOTLS 1
| #define ENABLE_VNC_TLS_LOCKING /**/
| #define HAVE_RFBCLIENT_GETCREDENTIAL 1
| #define ENABLE_VNC_GENERIC_CREDENTIALS /**/
| #define HAVE_RFBCLIENT_SCREEN 1
| #define LIBVNC_HAS_RESIZE_SUPPORT /**/
| #define HAVE_RFBCLIENT_REQUESTEDRESIZE 1
| #define LIBVNC_CLIENT_HAS_REQUESTED_RESIZE /**/
| #define HAVE_FREERDPCONVERTCOLOR /**/
| #define FREERDP_GLYPH_CALLBACKS_ACCEPT_INT32 /**/
| #define FREERDP_CLIPRDR_CALLBACKS_REQUIRE_CONST /**/
| #define FREERDP_RAIL_CALLBACKS_REQUIRE_CONST /**/
| #define HAVE_RDPSETTINGS_ALLOWUNANOUNCEDORDERSFROMSERVER 1
| #define HAVE_FREERDP_VERIFYCERTIFICATEEX 1
| /* end confdefs.h.  */
| #include <winpr/crt.h>
| 
| int
| main (void)
| {
| #ifndef winpr_aligned_free
| #ifdef __cplusplus
|   (void) winpr_aligned_free;
| #else
|   (void) winpr_aligned_free;
| #endif
| #endif
| 
|   ;
|   return 0;
| }
configure:17167: result: no
configure:17187: checking whether CLIPRDR structs have a common CLIPRDR_HEADER
configure:17201: gcc -c -g -O2 -I/usr/include/freerdp2/ -I/usr/include/winpr2  -Werror  conftest.c >&5
conftest.c: In function 'main':
conftest.c:78:17: error: 'CLIPRDR_FORMAT_LIST' {aka 'struct _CLIPRDR_FORMAT_LIST'} has no member named 'common'
   78 |             list.common.msgType = 0;
      |                 ^
configure:17201: $? = 1
configure: failed program was:
| /* confdefs.h */
| #define PACKAGE_NAME "guacamole-server"
| #define PACKAGE_TARNAME "guacamole-server"
| #define PACKAGE_VERSION "1.6.0"
| #define PACKAGE_STRING "guacamole-server 1.6.0"
| #define PACKAGE_BUGREPORT ""
| #define PACKAGE_URL ""
| #define PACKAGE "guacamole-server"
| #define VERSION "1.6.0"
| #define HAVE_STDIO_H 1
| #define HAVE_STDLIB_H 1
| #define HAVE_STRING_H 1
| #define HAVE_INTTYPES_H 1
| #define HAVE_STDINT_H 1
| #define HAVE_STRINGS_H 1
| #define HAVE_SYS_STAT_H 1
| #define HAVE_SYS_TYPES_H 1
| #define HAVE_UNISTD_H 1
| #define STDC_HEADERS 1
| #define HAVE_DLFCN_H 1
| #define LT_OBJDIR ".libs/"
| #define HAVE_FCNTL_H 1
| #define HAVE_STDLIB_H 1
| #define HAVE_STRING_H 1
| #define HAVE_SYS_SOCKET_H 1
| #define HAVE_TIME_H 1
| #define HAVE_SYS_TIME_H 1
| #define HAVE_SYSLOG_H 1
| #define HAVE_UNISTD_H 1
| #define HAVE_CAIRO_CAIRO_H 1
| #define _GNU_SOURCE 1
| #define _XOPEN_SOURCE 700
| #define __BSD_VISIBLE 1
| #define HAVE_SCHED_GETAFFINITY 1
| #define HAVE_LIBPTHREAD /**/
| #define HAVE_LIBUUID /**/
| #define HAVE_CLOCK_GETTIME 1
| #define HAVE_GETTIMEOFDAY 1
| #define HAVE_MEMMOVE 1
| #define HAVE_MEMSET 1
| #define HAVE_SELECT 1
| #define HAVE_STRDUP 1
| #define HAVE_NANOSLEEP 1
| #define HAVE_PNG_GET_IO_PTR /**/
| #define HAVE_CAIRO_FORMAT_STRIDE_FOR_WIDTH /**/
| #define HAVE_POLL /**/
| #define HAVE_STRLCPY /**/
| #define HAVE_STRLCAT /**/
| #define GUACD_CONF_FILE "/etc/guacamole/guacd.conf"
| #define ENABLE_SSL /**/
| #define ENABLE_OGG /**/
| #define ENABLE_PULSE /**/
| #define HAVE_RFBCLIENT_DESTHOST 1
| #define HAVE_RFBCLIENT_DESTPORT 1
| #define ENABLE_VNC_REPEATER /**/
| #define ENABLE_VNC_LISTEN /**/
| #define HAVE_RFBCLIENT_LOCKWRITETOTLS 1
| #define HAVE_RFBCLIENT_UNLOCKWRITETOTLS 1
| #define ENABLE_VNC_TLS_LOCKING /**/
| #define HAVE_RFBCLIENT_GETCREDENTIAL 1
| #define ENABLE_VNC_GENERIC_CREDENTIALS /**/
| #define HAVE_RFBCLIENT_SCREEN 1
| #define LIBVNC_HAS_RESIZE_SUPPORT /**/
| #define HAVE_RFBCLIENT_REQUESTEDRESIZE 1
| #define LIBVNC_CLIENT_HAS_REQUESTED_RESIZE /**/
| #define HAVE_FREERDPCONVERTCOLOR /**/
| #define FREERDP_GLYPH_CALLBACKS_ACCEPT_INT32 /**/
| #define FREERDP_CLIPRDR_CALLBACKS_REQUIRE_CONST /**/
| #define FREERDP_RAIL_CALLBACKS_REQUIRE_CONST /**/
| #define HAVE_RDPSETTINGS_ALLOWUNANOUNCEDORDERSFROMSERVER 1
| #define HAVE_FREERDP_VERIFYCERTIFICATEEX 1
| #define HAVE_DECL_WINPR_ALIGNED_FREE 0
| /* end confdefs.h.  */
| 
|         #include <freerdp/client/cliprdr.h>
|         int main() {
|             CLIPRDR_FORMAT_LIST list;
|             list.common.msgType = 0;
|             (void)list;
|             return 0;
|         }
| 
configure:17209: result: no
configure:17217: checking whether FreeRDPReadColor is declared
configure:17217: gcc -c -g -O2  -I/usr/include/freerdp2/ -I/usr/include/winpr2  -Werror  conftest.c >&5
conftest.c: In function 'main':
conftest.c:83:10: error: 'FreeRDPReadColor' undeclared (first use in this function); did you mean 'FreeRDPGetColor'?
   83 |   (void) FreeRDPReadColor;
      |          ^~~~~~~~~~~~~~~~
      |          FreeRDPGetColor
conftest.c:83:10: note: each undeclared identifier is reported only once for each function it appears in
configure:17217: $? = 1
configure: failed program was:
| /* confdefs.h */
| #define PACKAGE_NAME "guacamole-server"
| #define PACKAGE_TARNAME "guacamole-server"
| #define PACKAGE_VERSION "1.6.0"
| #define PACKAGE_STRING "guacamole-server 1.6.0"
| #define PACKAGE_BUGREPORT ""
| #define PACKAGE_URL ""
| #define PACKAGE "guacamole-server"
| #define VERSION "1.6.0"
| #define HAVE_STDIO_H 1
| #define HAVE_STDLIB_H 1
| #define HAVE_STRING_H 1
| #define HAVE_INTTYPES_H 1
| #define HAVE_STDINT_H 1
| #define HAVE_STRINGS_H 1
| #define HAVE_SYS_STAT_H 1
| #define HAVE_SYS_TYPES_H 1
| #define HAVE_UNISTD_H 1
| #define STDC_HEADERS 1
| #define HAVE_DLFCN_H 1
| #define LT_OBJDIR ".libs/"
| #define HAVE_FCNTL_H 1
| #define HAVE_STDLIB_H 1
| #define HAVE_STRING_H 1
| #define HAVE_SYS_SOCKET_H 1
| #define HAVE_TIME_H 1
| #define HAVE_SYS_TIME_H 1
| #define HAVE_SYSLOG_H 1
| #define HAVE_UNISTD_H 1
| #define HAVE_CAIRO_CAIRO_H 1
| #define _GNU_SOURCE 1
| #define _XOPEN_SOURCE 700
| #define __BSD_VISIBLE 1
| #define HAVE_SCHED_GETAFFINITY 1
| #define HAVE_LIBPTHREAD /**/
| #define HAVE_LIBUUID /**/
| #define HAVE_CLOCK_GETTIME 1
| #define HAVE_GETTIMEOFDAY 1
| #define HAVE_MEMMOVE 1
| #define HAVE_MEMSET 1
| #define HAVE_SELECT 1
| #define HAVE_STRDUP 1
| #define HAVE_NANOSLEEP 1
| #define HAVE_PNG_GET_IO_PTR /**/
| #define HAVE_CAIRO_FORMAT_STRIDE_FOR_WIDTH /**/
| #define HAVE_POLL /**/
| #define HAVE_STRLCPY /**/
| #define HAVE_STRLCAT /**/
| #define GUACD_CONF_FILE "/etc/guacamole/guacd.conf"
| #define ENABLE_SSL /**/
| #define ENABLE_OGG /**/
| #define ENABLE_PULSE /**/
| #define HAVE_RFBCLIENT_DESTHOST 1
| #define HAVE_RFBCLIENT_DESTPORT 1
| #define ENABLE_VNC_REPEATER /**/
| #define ENABLE_VNC_LISTEN /**/
| #define HAVE_RFBCLIENT_LOCKWRITETOTLS 1
| #define HAVE_RFBCLIENT_UNLOCKWRITETOTLS 1
| #define ENABLE_VNC_TLS_LOCKING /**/
| #define HAVE_RFBCLIENT_GETCREDENTIAL 1
| #define ENABLE_VNC_GENERIC_CREDENTIALS /**/
| #define HAVE_RFBCLIENT_SCREEN 1
| #define LIBVNC_HAS_RESIZE_SUPPORT /**/
| #define HAVE_RFBCLIENT_REQUESTEDRESIZE 1
| #define LIBVNC_CLIENT_HAS_REQUESTED_RESIZE /**/
| #define HAVE_FREERDPCONVERTCOLOR /**/
| #define FREERDP_GLYPH_CALLBACKS_ACCEPT_INT32 /**/
| #define FREERDP_CLIPRDR_CALLBACKS_REQUIRE_CONST /**/
| #define FREERDP_RAIL_CALLBACKS_REQUIRE_CONST /**/
| #define HAVE_RDPSETTINGS_ALLOWUNANOUNCEDORDERSFROMSERVER 1
| #define HAVE_FREERDP_VERIFYCERTIFICATEEX 1
| #define HAVE_DECL_WINPR_ALIGNED_FREE 0
| /* end confdefs.h.  */
| #include <freerdp/codec/color.h>
| 
| int
| main (void)
| {
| #ifndef FreeRDPReadColor
| #ifdef __cplusplus
|   (void) FreeRDPReadColor;
| #else
|   (void) FreeRDPReadColor;
| #endif
| #endif
| 
|   ;
|   return 0;
| }
configure:17217: result: no
configure:17237: checking whether freerdp_settings_set_pointer is declared
configure:17237: gcc -c -g -O2  -I/usr/include/freerdp2/ -I/usr/include/winpr2  -Werror  conftest.c >&5
conftest.c: In function 'main':
conftest.c:84:10: error: 'freerdp_settings_set_pointer' undeclared (first use in this function); did you mean 'freerdp_settings_get_pointer'?
   84 |   (void) freerdp_settings_set_pointer;
      |          ^~~~~~~~~~~~~~~~~~~~~~~~~~~~
      |          freerdp_settings_get_pointer
conftest.c:84:10: note: each undeclared identifier is reported only once for each function it appears in
configure:17237: $? = 1
configure: failed program was:
| /* confdefs.h */
| #define PACKAGE_NAME "guacamole-server"
| #define PACKAGE_TARNAME "guacamole-server"
| #define PACKAGE_VERSION "1.6.0"
| #define PACKAGE_STRING "guacamole-server 1.6.0"
| #define PACKAGE_BUGREPORT ""
| #define PACKAGE_URL ""
| #define PACKAGE "guacamole-server"
| #define VERSION "1.6.0"
| #define HAVE_STDIO_H 1
| #define HAVE_STDLIB_H 1
| #define HAVE_STRING_H 1
| #define HAVE_INTTYPES_H 1
| #define HAVE_STDINT_H 1
| #define HAVE_STRINGS_H 1
| #define HAVE_SYS_STAT_H 1
| #define HAVE_SYS_TYPES_H 1
| #define HAVE_UNISTD_H 1
| #define STDC_HEADERS 1
| #define HAVE_DLFCN_H 1
| #define LT_OBJDIR ".libs/"
| #define HAVE_FCNTL_H 1
| #define HAVE_STDLIB_H 1
| #define HAVE_STRING_H 1
| #define HAVE_SYS_SOCKET_H 1
| #define HAVE_TIME_H 1
| #define HAVE_SYS_TIME_H 1
| #define HAVE_SYSLOG_H 1
| #define HAVE_UNISTD_H 1
| #define HAVE_CAIRO_CAIRO_H 1
| #define _GNU_SOURCE 1
| #define _XOPEN_SOURCE 700
| #define __BSD_VISIBLE 1
| #define HAVE_SCHED_GETAFFINITY 1
| #define HAVE_LIBPTHREAD /**/
| #define HAVE_LIBUUID /**/
| #define HAVE_CLOCK_GETTIME 1
| #define HAVE_GETTIMEOFDAY 1
| #define HAVE_MEMMOVE 1
| #define HAVE_MEMSET 1
| #define HAVE_SELECT 1
| #define HAVE_STRDUP 1
| #define HAVE_NANOSLEEP 1
| #define HAVE_PNG_GET_IO_PTR /**/
| #define HAVE_CAIRO_FORMAT_STRIDE_FOR_WIDTH /**/
| #define HAVE_POLL /**/
| #define HAVE_STRLCPY /**/
| #define HAVE_STRLCAT /**/
| #define GUACD_CONF_FILE "/etc/guacamole/guacd.conf"
| #define ENABLE_SSL /**/
| #define ENABLE_OGG /**/
| #define ENABLE_PULSE /**/
| #define HAVE_RFBCLIENT_DESTHOST 1
| #define HAVE_RFBCLIENT_DESTPORT 1
| #define ENABLE_VNC_REPEATER /**/
| #define ENABLE_VNC_LISTEN /**/
| #define HAVE_RFBCLIENT_LOCKWRITETOTLS 1
| #define HAVE_RFBCLIENT_UNLOCKWRITETOTLS 1
| #define ENABLE_VNC_TLS_LOCKING /**/
| #define HAVE_RFBCLIENT_GETCREDENTIAL 1
| #define ENABLE_VNC_GENERIC_CREDENTIALS /**/
| #define HAVE_RFBCLIENT_SCREEN 1
| #define LIBVNC_HAS_RESIZE_SUPPORT /**/
| #define HAVE_RFBCLIENT_REQUESTEDRESIZE 1
| #define LIBVNC_CLIENT_HAS_REQUESTED_RESIZE /**/
| #define HAVE_FREERDPCONVERTCOLOR /**/
| #define FREERDP_GLYPH_CALLBACKS_ACCEPT_INT32 /**/
| #define FREERDP_CLIPRDR_CALLBACKS_REQUIRE_CONST /**/
| #define FREERDP_RAIL_CALLBACKS_REQUIRE_CONST /**/
| #define HAVE_RDPSETTINGS_ALLOWUNANOUNCEDORDERSFROMSERVER 1
| #define HAVE_FREERDP_VERIFYCERTIFICATEEX 1
| #define HAVE_DECL_WINPR_ALIGNED_FREE 0
| #define HAVE_DECL_FREERDPREADCOLOR 0
| /* end confdefs.h.  */
| #include <freerdp/settings.h>
| 
| int
| main (void)
| {
| #ifndef freerdp_settings_set_pointer
| #ifdef __cplusplus
|   (void) freerdp_settings_set_pointer;
| #else
|   (void) freerdp_settings_set_pointer;
| #endif
| #endif
| 
|   ;
|   return 0;
| }
configure:17237: result: no
configure:17257: checking whether freerdp structs have a context
configure:17273: gcc -c -g -O2 -I/usr/include/freerdp2/ -I/usr/include/winpr2  -Werror  conftest.c >&5
configure:17273: $? = 0
configure:17275: result: yes
configure:17289: checking whether freerdp_shall_disconnect_context is declared
configure:17289: gcc -c -g -O2  -I/usr/include/freerdp2/ -I/usr/include/winpr2  -Werror  conftest.c >&5
conftest.c: In function 'main':
conftest.c:86:10: error: 'freerdp_shall_disconnect_context' undeclared (first use in this function); did you mean 'freerdp_shall_disconnect'?
   86 |   (void) freerdp_shall_disconnect_context;
      |          ^~~~~~~~~~~~~~~~~~~~~~~~~~~~~~~~
      |          freerdp_shall_disconnect
conftest.c:86:10: note: each undeclared identifier is reported only once for each function it appears in
configure:17289: $? = 1
configure: failed program was:
| /* confdefs.h */
| #define PACKAGE_NAME "guacamole-server"
| #define PACKAGE_TARNAME "guacamole-server"
| #define PACKAGE_VERSION "1.6.0"
| #define PACKAGE_STRING "guacamole-server 1.6.0"
| #define PACKAGE_BUGREPORT ""
| #define PACKAGE_URL ""
| #define PACKAGE "guacamole-server"
| #define VERSION "1.6.0"
| #define HAVE_STDIO_H 1
| #define HAVE_STDLIB_H 1
| #define HAVE_STRING_H 1
| #define HAVE_INTTYPES_H 1
| #define HAVE_STDINT_H 1
| #define HAVE_STRINGS_H 1
| #define HAVE_SYS_STAT_H 1
| #define HAVE_SYS_TYPES_H 1
| #define HAVE_UNISTD_H 1
| #define STDC_HEADERS 1
| #define HAVE_DLFCN_H 1
| #define LT_OBJDIR ".libs/"
| #define HAVE_FCNTL_H 1
| #define HAVE_STDLIB_H 1
| #define HAVE_STRING_H 1
| #define HAVE_SYS_SOCKET_H 1
| #define HAVE_TIME_H 1
| #define HAVE_SYS_TIME_H 1
| #define HAVE_SYSLOG_H 1
| #define HAVE_UNISTD_H 1
| #define HAVE_CAIRO_CAIRO_H 1
| #define _GNU_SOURCE 1
| #define _XOPEN_SOURCE 700
| #define __BSD_VISIBLE 1
| #define HAVE_SCHED_GETAFFINITY 1
| #define HAVE_LIBPTHREAD /**/
| #define HAVE_LIBUUID /**/
| #define HAVE_CLOCK_GETTIME 1
| #define HAVE_GETTIMEOFDAY 1
| #define HAVE_MEMMOVE 1
| #define HAVE_MEMSET 1
| #define HAVE_SELECT 1
| #define HAVE_STRDUP 1
| #define HAVE_NANOSLEEP 1
| #define HAVE_PNG_GET_IO_PTR /**/
| #define HAVE_CAIRO_FORMAT_STRIDE_FOR_WIDTH /**/
| #define HAVE_POLL /**/
| #define HAVE_STRLCPY /**/
| #define HAVE_STRLCAT /**/
| #define GUACD_CONF_FILE "/etc/guacamole/guacd.conf"
| #define ENABLE_SSL /**/
| #define ENABLE_OGG /**/
| #define ENABLE_PULSE /**/
| #define HAVE_RFBCLIENT_DESTHOST 1
| #define HAVE_RFBCLIENT_DESTPORT 1
| #define ENABLE_VNC_REPEATER /**/
| #define ENABLE_VNC_LISTEN /**/
| #define HAVE_RFBCLIENT_LOCKWRITETOTLS 1
| #define HAVE_RFBCLIENT_UNLOCKWRITETOTLS 1
| #define ENABLE_VNC_TLS_LOCKING /**/
| #define HAVE_RFBCLIENT_GETCREDENTIAL 1
| #define ENABLE_VNC_GENERIC_CREDENTIALS /**/
| #define HAVE_RFBCLIENT_SCREEN 1
| #define LIBVNC_HAS_RESIZE_SUPPORT /**/
| #define HAVE_RFBCLIENT_REQUESTEDRESIZE 1
| #define LIBVNC_CLIENT_HAS_REQUESTED_RESIZE /**/
| #define HAVE_FREERDPCONVERTCOLOR /**/
| #define FREERDP_GLYPH_CALLBACKS_ACCEPT_INT32 /**/
| #define FREERDP_CLIPRDR_CALLBACKS_REQUIRE_CONST /**/
| #define FREERDP_RAIL_CALLBACKS_REQUIRE_CONST /**/
| #define HAVE_RDPSETTINGS_ALLOWUNANOUNCEDORDERSFROMSERVER 1
| #define HAVE_FREERDP_VERIFYCERTIFICATEEX 1
| #define HAVE_DECL_WINPR_ALIGNED_FREE 0
| #define HAVE_DECL_FREERDPREADCOLOR 0
| #define HAVE_DECL_FREERDP_SETTINGS_SET_POINTER 0
| #define FREERDP_HAS_CONTEXT /**/
| /* end confdefs.h.  */
| #include <freerdp/freerdp.h>
| 
| int
| main (void)
| {
| #ifndef freerdp_shall_disconnect_context
| #ifdef __cplusplus
|   (void) freerdp_shall_disconnect_context;
| #else
|   (void) freerdp_shall_disconnect_context;
| #endif
| #endif
| 
|   ;
|   return 0;
| }
configure:17289: result: no
configure:17301: checking whether GetPluginData requires const for the returned args
configure:17327: gcc -c -g -O2 -I/usr/include/freerdp2/ -I/usr/include/winpr2  -Werror  conftest.c >&5
conftest.c: In function 'main':
conftest.c:89:39: error: assignment to 'ADDIN_ARGV * (*)(IDRDYNVC_ENTRY_POINTS *)' {aka 'struct _ADDIN_ARGV * (*)(struct _IDRDYNVC_ENTRY_POINTS *)'} from incompatible pointer type 'const ADDIN_ARGV * (*)(IDRDYNVC_ENTRY_POINTS *)' {aka 'const struct _ADDIN_ARGV * (*)(struct _IDRDYNVC_ENTRY_POINTS *)'} [-Werror=incompatible-pointer-types]
   89 |             entryPoints.GetPluginData = dummy_GetPluginData;
      |                                       ^
cc1: all warnings being treated as errors
configure:17327: $? = 1
configure: failed program was:
| /* confdefs.h */
| #define PACKAGE_NAME "guacamole-server"
| #define PACKAGE_TARNAME "guacamole-server"
| #define PACKAGE_VERSION "1.6.0"
| #define PACKAGE_STRING "guacamole-server 1.6.0"
| #define PACKAGE_BUGREPORT ""
| #define PACKAGE_URL ""
| #define PACKAGE "guacamole-server"
| #define VERSION "1.6.0"
| #define HAVE_STDIO_H 1
| #define HAVE_STDLIB_H 1
| #define HAVE_STRING_H 1
| #define HAVE_INTTYPES_H 1
| #define HAVE_STDINT_H 1
| #define HAVE_STRINGS_H 1
| #define HAVE_SYS_STAT_H 1
| #define HAVE_SYS_TYPES_H 1
| #define HAVE_UNISTD_H 1
| #define STDC_HEADERS 1
| #define HAVE_DLFCN_H 1
| #define LT_OBJDIR ".libs/"
| #define HAVE_FCNTL_H 1
| #define HAVE_STDLIB_H 1
| #define HAVE_STRING_H 1
| #define HAVE_SYS_SOCKET_H 1
| #define HAVE_TIME_H 1
| #define HAVE_SYS_TIME_H 1
| #define HAVE_SYSLOG_H 1
| #define HAVE_UNISTD_H 1
| #define HAVE_CAIRO_CAIRO_H 1
| #define _GNU_SOURCE 1
| #define _XOPEN_SOURCE 700
| #define __BSD_VISIBLE 1
| #define HAVE_SCHED_GETAFFINITY 1
| #define HAVE_LIBPTHREAD /**/
| #define HAVE_LIBUUID /**/
| #define HAVE_CLOCK_GETTIME 1
| #define HAVE_GETTIMEOFDAY 1
| #define HAVE_MEMMOVE 1
| #define HAVE_MEMSET 1
| #define HAVE_SELECT 1
| #define HAVE_STRDUP 1
| #define HAVE_NANOSLEEP 1
| #define HAVE_PNG_GET_IO_PTR /**/
| #define HAVE_CAIRO_FORMAT_STRIDE_FOR_WIDTH /**/
| #define HAVE_POLL /**/
| #define HAVE_STRLCPY /**/
| #define HAVE_STRLCAT /**/
| #define GUACD_CONF_FILE "/etc/guacamole/guacd.conf"
| #define ENABLE_SSL /**/
| #define ENABLE_OGG /**/
| #define ENABLE_PULSE /**/
| #define HAVE_RFBCLIENT_DESTHOST 1
| #define HAVE_RFBCLIENT_DESTPORT 1
| #define ENABLE_VNC_REPEATER /**/
| #define ENABLE_VNC_LISTEN /**/
| #define HAVE_RFBCLIENT_LOCKWRITETOTLS 1
| #define HAVE_RFBCLIENT_UNLOCKWRITETOTLS 1
| #define ENABLE_VNC_TLS_LOCKING /**/
| #define HAVE_RFBCLIENT_GETCREDENTIAL 1
| #define ENABLE_VNC_GENERIC_CREDENTIALS /**/
| #define HAVE_RFBCLIENT_SCREEN 1
| #define LIBVNC_HAS_RESIZE_SUPPORT /**/
| #define HAVE_RFBCLIENT_REQUESTEDRESIZE 1
| #define LIBVNC_CLIENT_HAS_REQUESTED_RESIZE /**/
| #define HAVE_FREERDPCONVERTCOLOR /**/
| #define FREERDP_GLYPH_CALLBACKS_ACCEPT_INT32 /**/
| #define FREERDP_CLIPRDR_CALLBACKS_REQUIRE_CONST /**/
| #define FREERDP_RAIL_CALLBACKS_REQUIRE_CONST /**/
| #define HAVE_RDPSETTINGS_ALLOWUNANOUNCEDORDERSFROMSERVER 1
| #define HAVE_FREERDP_VERIFYCERTIFICATEEX 1
| #define HAVE_DECL_WINPR_ALIGNED_FREE 0
| #define HAVE_DECL_FREERDPREADCOLOR 0
| #define HAVE_DECL_FREERDP_SETTINGS_SET_POINTER 0
| #define FREERDP_HAS_CONTEXT /**/
| /* end confdefs.h.  */
| 
|         #include <freerdp/dvc.h>
|         /* A dummy function that matches the expected signature of GetPluginData */
|         const ADDIN_ARGV* dummy_GetPluginData(IDRDYNVC_ENTRY_POINTS* pEntryPoints) {
|             return NULL;
|         }
| 
|         int main() {
|             /* Create a dummy IDRDYNVC_ENTRY_POINTS struct */
|             IDRDYNVC_ENTRY_POINTS entryPoints;
| 
|             /* Manually set the GetPluginData pointer for testing */
|             entryPoints.GetPluginData = dummy_GetPluginData;
|             const ADDIN_ARGV* result = entryPoints.GetPluginData(&entryPoints);
| 
|             /* Casting to void to avoid unused variable warning */
|             (void)result;
| 
|             return 0;
|         }
| 
configure:17335: result: no
configure:17344: checking whether glyph.New expects a const rdpGlyph* parameter
configure:17362: gcc -c -g -O2 -I/usr/include/freerdp2/ -I/usr/include/winpr2  -Werror  conftest.c >&5
configure:17362: $? = 0
configure:17364: result: yes
configure:17379: checking whether pointer.Set expects a const rdpPointer* parameter
configure:17398: gcc -c -g -O2 -I/usr/include/freerdp2/ -I/usr/include/winpr2  -Werror  conftest.c >&5
configure:17398: $? = 0
configure:17400: result: yes
configure:17414: checking whether freerdp instance supports LoadChannels
configure:17434: gcc -c -g -O2 -I/usr/include/freerdp2/ -I/usr/include/winpr2  -Werror  conftest.c >&5
conftest.c: In function 'main':
conftest.c:89:21: error: 'freerdp' {aka 'struct rdp_freerdp'} has no member named 'LoadChannels'
   89 |             instance->LoadChannels = load_channels;
      |                     ^~
configure:17434: $? = 1
configure: failed program was:
| /* confdefs.h */
| #define PACKAGE_NAME "guacamole-server"
| #define PACKAGE_TARNAME "guacamole-server"
| #define PACKAGE_VERSION "1.6.0"
| #define PACKAGE_STRING "guacamole-server 1.6.0"
| #define PACKAGE_BUGREPORT ""
| #define PACKAGE_URL ""
| #define PACKAGE "guacamole-server"
| #define VERSION "1.6.0"
| #define HAVE_STDIO_H 1
| #define HAVE_STDLIB_H 1
| #define HAVE_STRING_H 1
| #define HAVE_INTTYPES_H 1
| #define HAVE_STDINT_H 1
| #define HAVE_STRINGS_H 1
| #define HAVE_SYS_STAT_H 1
| #define HAVE_SYS_TYPES_H 1
| #define HAVE_UNISTD_H 1
| #define STDC_HEADERS 1
| #define HAVE_DLFCN_H 1
| #define LT_OBJDIR ".libs/"
| #define HAVE_FCNTL_H 1
| #define HAVE_STDLIB_H 1
| #define HAVE_STRING_H 1
| #define HAVE_SYS_SOCKET_H 1
| #define HAVE_TIME_H 1
| #define HAVE_SYS_TIME_H 1
| #define HAVE_SYSLOG_H 1
| #define HAVE_UNISTD_H 1
| #define HAVE_CAIRO_CAIRO_H 1
| #define _GNU_SOURCE 1
| #define _XOPEN_SOURCE 700
| #define __BSD_VISIBLE 1
| #define HAVE_SCHED_GETAFFINITY 1
| #define HAVE_LIBPTHREAD /**/
| #define HAVE_LIBUUID /**/
| #define HAVE_CLOCK_GETTIME 1
| #define HAVE_GETTIMEOFDAY 1
| #define HAVE_MEMMOVE 1
| #define HAVE_MEMSET 1
| #define HAVE_SELECT 1
| #define HAVE_STRDUP 1
| #define HAVE_NANOSLEEP 1
| #define HAVE_PNG_GET_IO_PTR /**/
| #define HAVE_CAIRO_FORMAT_STRIDE_FOR_WIDTH /**/
| #define HAVE_POLL /**/
| #define HAVE_STRLCPY /**/
| #define HAVE_STRLCAT /**/
| #define GUACD_CONF_FILE "/etc/guacamole/guacd.conf"
| #define ENABLE_SSL /**/
| #define ENABLE_OGG /**/
| #define ENABLE_PULSE /**/
| #define HAVE_RFBCLIENT_DESTHOST 1
| #define HAVE_RFBCLIENT_DESTPORT 1
| #define ENABLE_VNC_REPEATER /**/
| #define ENABLE_VNC_LISTEN /**/
| #define HAVE_RFBCLIENT_LOCKWRITETOTLS 1
| #define HAVE_RFBCLIENT_UNLOCKWRITETOTLS 1
| #define ENABLE_VNC_TLS_LOCKING /**/
| #define HAVE_RFBCLIENT_GETCREDENTIAL 1
| #define ENABLE_VNC_GENERIC_CREDENTIALS /**/
| #define HAVE_RFBCLIENT_SCREEN 1
| #define LIBVNC_HAS_RESIZE_SUPPORT /**/
| #define HAVE_RFBCLIENT_REQUESTEDRESIZE 1
| #define LIBVNC_CLIENT_HAS_REQUESTED_RESIZE /**/
| #define HAVE_FREERDPCONVERTCOLOR /**/
| #define FREERDP_GLYPH_CALLBACKS_ACCEPT_INT32 /**/
| #define FREERDP_CLIPRDR_CALLBACKS_REQUIRE_CONST /**/
| #define FREERDP_RAIL_CALLBACKS_REQUIRE_CONST /**/
| #define HAVE_RDPSETTINGS_ALLOWUNANOUNCEDORDERSFROMSERVER 1
| #define HAVE_FREERDP_VERIFYCERTIFICATEEX 1
| #define HAVE_DECL_WINPR_ALIGNED_FREE 0
| #define HAVE_DECL_FREERDPREADCOLOR 0
| #define HAVE_DECL_FREERDP_SETTINGS_SET_POINTER 0
| #define FREERDP_HAS_CONTEXT /**/
| #define RDP_GLYPH_NEW_REQUIRES_CONST /**/
| #define RDP_POINTER_SET_REQUIRES_CONST /**/
| /* end confdefs.h.  */
| 
|         #include <freerdp/freerdp.h>
| 
|         /* Mock LoadChannels function with the expected signature */
|         BOOL load_channels(freerdp* instance) {
|             return TRUE;
|         }
| 
|         int main() {
|             freerdp* instance = freerdp_new();
|             instance->LoadChannels = load_channels;
|             freerdp_free(instance);
|             return 0;
|         }
| 
configure:17442: result: no
configure:17488: checking for libssh2_userauth_publickey_frommemory in -lssh2
configure:17511: gcc -o conftest -g -O2   conftest.c -lssh2   >&5
configure:17511: $? = 0
configure:17521: result: yes
configure:17568: checking for gcry_control in -lssh2
configure:17591: gcc -o conftest -g -O2   conftest.c -lssh2   >&5
/usr/bin/ld: /tmp/cc2DELtj.o: in function `main':
/opt/guacamole-server-1.6.0/conftest.c:88:(.text.startup+0xb): undefined reference to `gcry_control'
collect2: error: ld returned 1 exit status
configure:17591: $? = 1
configure: failed program was:
| /* confdefs.h */
| #define PACKAGE_NAME "guacamole-server"
| #define PACKAGE_TARNAME "guacamole-server"
| #define PACKAGE_VERSION "1.6.0"
| #define PACKAGE_STRING "guacamole-server 1.6.0"
| #define PACKAGE_BUGREPORT ""
| #define PACKAGE_URL ""
| #define PACKAGE "guacamole-server"
| #define VERSION "1.6.0"
| #define HAVE_STDIO_H 1
| #define HAVE_STDLIB_H 1
| #define HAVE_STRING_H 1
| #define HAVE_INTTYPES_H 1
| #define HAVE_STDINT_H 1
| #define HAVE_STRINGS_H 1
| #define HAVE_SYS_STAT_H 1
| #define HAVE_SYS_TYPES_H 1
| #define HAVE_UNISTD_H 1
| #define STDC_HEADERS 1
| #define HAVE_DLFCN_H 1
| #define LT_OBJDIR ".libs/"
| #define HAVE_FCNTL_H 1
| #define HAVE_STDLIB_H 1
| #define HAVE_STRING_H 1
| #define HAVE_SYS_SOCKET_H 1
| #define HAVE_TIME_H 1
| #define HAVE_SYS_TIME_H 1
| #define HAVE_SYSLOG_H 1
| #define HAVE_UNISTD_H 1
| #define HAVE_CAIRO_CAIRO_H 1
| #define _GNU_SOURCE 1
| #define _XOPEN_SOURCE 700
| #define __BSD_VISIBLE 1
| #define HAVE_SCHED_GETAFFINITY 1
| #define HAVE_LIBPTHREAD /**/
| #define HAVE_LIBUUID /**/
| #define HAVE_CLOCK_GETTIME 1
| #define HAVE_GETTIMEOFDAY 1
| #define HAVE_MEMMOVE 1
| #define HAVE_MEMSET 1
| #define HAVE_SELECT 1
| #define HAVE_STRDUP 1
| #define HAVE_NANOSLEEP 1
| #define HAVE_PNG_GET_IO_PTR /**/
| #define HAVE_CAIRO_FORMAT_STRIDE_FOR_WIDTH /**/
| #define HAVE_POLL /**/
| #define HAVE_STRLCPY /**/
| #define HAVE_STRLCAT /**/
| #define GUACD_CONF_FILE "/etc/guacamole/guacd.conf"
| #define ENABLE_SSL /**/
| #define ENABLE_OGG /**/
| #define ENABLE_PULSE /**/
| #define HAVE_RFBCLIENT_DESTHOST 1
| #define HAVE_RFBCLIENT_DESTPORT 1
| #define ENABLE_VNC_REPEATER /**/
| #define ENABLE_VNC_LISTEN /**/
| #define HAVE_RFBCLIENT_LOCKWRITETOTLS 1
| #define HAVE_RFBCLIENT_UNLOCKWRITETOTLS 1
| #define ENABLE_VNC_TLS_LOCKING /**/
| #define HAVE_RFBCLIENT_GETCREDENTIAL 1
| #define ENABLE_VNC_GENERIC_CREDENTIALS /**/
| #define HAVE_RFBCLIENT_SCREEN 1
| #define LIBVNC_HAS_RESIZE_SUPPORT /**/
| #define HAVE_RFBCLIENT_REQUESTEDRESIZE 1
| #define LIBVNC_CLIENT_HAS_REQUESTED_RESIZE /**/
| #define HAVE_FREERDPCONVERTCOLOR /**/
| #define FREERDP_GLYPH_CALLBACKS_ACCEPT_INT32 /**/
| #define FREERDP_CLIPRDR_CALLBACKS_REQUIRE_CONST /**/
| #define FREERDP_RAIL_CALLBACKS_REQUIRE_CONST /**/
| #define HAVE_RDPSETTINGS_ALLOWUNANOUNCEDORDERSFROMSERVER 1
| #define HAVE_FREERDP_VERIFYCERTIFICATEEX 1
| #define HAVE_DECL_WINPR_ALIGNED_FREE 0
| #define HAVE_DECL_FREERDPREADCOLOR 0
| #define HAVE_DECL_FREERDP_SETTINGS_SET_POINTER 0
| #define FREERDP_HAS_CONTEXT /**/
| #define RDP_GLYPH_NEW_REQUIRES_CONST /**/
| #define RDP_POINTER_SET_REQUIRES_CONST /**/
| #define ENABLE_COMMON_SSH /**/
| /* end confdefs.h.  */
| 
| /* Override any GCC internal prototype to avoid an error.
|    Use char because int might match the return type of a GCC
|    builtin and then its argument prototype would still apply.  */
| char gcry_control ();
| int
| main (void)
| {
| return gcry_control ();
|   ;
|   return 0;
| }
configure:17601: result: no
configure:17689: checking for telnet_init in -ltelnet
configure:17712: gcc -o conftest -g -O2   conftest.c -ltelnet   >&5
configure:17712: $? = 0
configure:17722: result: yes
configure:17765: checking for webp/encode.h
configure:17765: gcc -c -g -O2  conftest.c >&5
configure:17765: $? = 0
configure:17765: result: yes
configure:17773: checking for WebPEncode in -lwebp
configure:17796: gcc -o conftest -g -O2   conftest.c -lwebp   >&5
configure:17796: $? = 0
configure:17806: result: yes
configure:17864: checking for lws_create_context in -lwebsockets
configure:17887: gcc -o conftest -g -O2   conftest.c -lwebsockets   >&5
configure:17887: $? = 0
configure:17897: result: yes
configure:17924: checking whether LWS_CALLBACK_CLIENT_CLOSED is declared
configure:17924: gcc -c -g -O2   conftest.c >&5
configure:17924: $? = 0
configure:17924: result: yes
configure:17936: checking whether LWS_SERVER_OPTION_DO_SSL_GLOBAL_INIT is declared
configure:17936: gcc -c -g -O2   conftest.c >&5
configure:17936: $? = 0
configure:17936: result: yes
configure:17947: checking whether LCCSCF_USE_SSL is declared
configure:17947: gcc -c -g -O2   conftest.c >&5
configure:17947: $? = 0
configure:17947: result: yes
configure:17959: checking whether lws_callback_http_dummy is declared
configure:17959: gcc -c -g -O2   conftest.c >&5
configure:17959: $? = 0
configure:17959: result: yes
configure:18183: checking that generated files are newer than configure
configure:18189: result: done
configure:18308: creating ./config.status

## ---------------------- ##
## Running config.status. ##
## ---------------------- ##

This file was extended by guacamole-server config.status 1.6.0, which was
generated by GNU Autoconf 2.71.  Invocation command line was

  CONFIG_FILES    = 
  CONFIG_HEADERS  = 
  CONFIG_LINKS    = 
  CONFIG_COMMANDS = 
  $ ./config.status 

on tbpam

config.status:1269: creating Makefile
config.status:1269: creating doc/libguac/Doxyfile
config.status:1269: creating doc/libguac-terminal/Doxyfile
config.status:1269: creating src/common/Makefile
config.status:1269: creating src/common/tests/Makefile
config.status:1269: creating src/common-ssh/Makefile
config.status:1269: creating src/common-ssh/tests/Makefile
config.status:1269: creating src/terminal/Makefile
config.status:1269: creating src/libguac/Makefile
config.status:1269: creating src/libguac/tests/Makefile
config.status:1269: creating src/guacd/Makefile
config.status:1269: creating src/guacd/man/guacd.8
config.status:1269: creating src/guacd/man/guacd.conf.5
config.status:1269: creating src/guacenc/Makefile
config.status:1269: creating src/guacenc/man/guacenc.1
config.status:1269: creating src/guaclog/Makefile
config.status:1269: creating src/guaclog/man/guaclog.1
config.status:1269: creating src/pulse/Makefile
config.status:1269: creating src/protocols/kubernetes/Makefile
config.status:1269: creating src/protocols/kubernetes/tests/Makefile
config.status:1269: creating src/protocols/rdp/Makefile
config.status:1269: creating src/protocols/rdp/tests/Makefile
config.status:1269: creating src/protocols/ssh/Makefile
config.status:1269: creating src/protocols/telnet/Makefile
config.status:1269: creating src/protocols/vnc/Makefile
config.status:1269: creating config.h
config.status:1498: executing depfiles commands
config.status:1575: cd src/common       && sed -e '/# am--include-marker/d' Makefile         | make -f - am--depfiles
make: Nothing to be done for 'am--depfiles'.
config.status:1580: $? = 0
config.status:1575: cd src/common/tests       && sed -e '/# am--include-marker/d' Makefile         | make -f - am--depfiles
make: Nothing to be done for 'am--depfiles'.
config.status:1580: $? = 0
config.status:1575: cd src/common-ssh       && sed -e '/# am--include-marker/d' Makefile         | make -f - am--depfiles
make: Nothing to be done for 'am--depfiles'.
config.status:1580: $? = 0
config.status:1575: cd src/common-ssh/tests       && sed -e '/# am--include-marker/d' Makefile         | make -f - am--depfiles
make: Nothing to be done for 'am--depfiles'.
config.status:1580: $? = 0
config.status:1575: cd src/terminal       && sed -e '/# am--include-marker/d' Makefile         | make -f - am--depfiles
make: Nothing to be done for 'am--depfiles'.
config.status:1580: $? = 0
config.status:1575: cd src/libguac       && sed -e '/# am--include-marker/d' Makefile         | make -f - am--depfiles
make: Nothing to be done for 'am--depfiles'.
config.status:1580: $? = 0
config.status:1575: cd src/libguac/tests       && sed -e '/# am--include-marker/d' Makefile         | make -f - am--depfiles
make: Nothing to be done for 'am--depfiles'.
config.status:1580: $? = 0
config.status:1575: cd src/guacd       && sed -e '/# am--include-marker/d' Makefile         | make -f - am--depfiles
make: Nothing to be done for 'am--depfiles'.
config.status:1580: $? = 0
config.status:1575: cd src/guacenc       && sed -e '/# am--include-marker/d' Makefile         | make -f - am--depfiles
make: Nothing to be done for 'am--depfiles'.
config.status:1580: $? = 0
config.status:1575: cd src/guaclog       && sed -e '/# am--include-marker/d' Makefile         | make -f - am--depfiles
make: Nothing to be done for 'am--depfiles'.
config.status:1580: $? = 0
config.status:1575: cd src/pulse       && sed -e '/# am--include-marker/d' Makefile         | make -f - am--depfiles
make: Nothing to be done for 'am--depfiles'.
config.status:1580: $? = 0
config.status:1575: cd src/protocols/kubernetes       && sed -e '/# am--include-marker/d' Makefile         | make -f - am--depfiles
make: Nothing to be done for 'am--depfiles'.
config.status:1580: $? = 0
config.status:1575: cd src/protocols/kubernetes/tests       && sed -e '/# am--include-marker/d' Makefile         | make -f - am--depfiles
make: Nothing to be done for 'am--depfiles'.
config.status:1580: $? = 0
config.status:1575: cd src/protocols/rdp       && sed -e '/# am--include-marker/d' Makefile         | make -f - am--depfiles
make: Nothing to be done for 'am--depfiles'.
config.status:1580: $? = 0
config.status:1575: cd src/protocols/rdp/tests       && sed -e '/# am--include-marker/d' Makefile         | make -f - am--depfiles
make: Nothing to be done for 'am--depfiles'.
config.status:1580: $? = 0
config.status:1575: cd src/protocols/ssh       && sed -e '/# am--include-marker/d' Makefile         | make -f - am--depfiles
make: Nothing to be done for 'am--depfiles'.
config.status:1580: $? = 0
config.status:1575: cd src/protocols/telnet       && sed -e '/# am--include-marker/d' Makefile         | make -f - am--depfiles
make: Nothing to be done for 'am--depfiles'.
config.status:1580: $? = 0
config.status:1575: cd src/protocols/vnc       && sed -e '/# am--include-marker/d' Makefile         | make -f - am--depfiles
make: Nothing to be done for 'am--depfiles'.
config.status:1580: $? = 0
config.status:1498: executing libtool commands

## ---------------- ##
## Cache variables. ##
## ---------------- ##

ac_cv_build=x86_64-pc-linux-gnu
ac_cv_c_compiler_gnu=yes
ac_cv_c_undeclared_builtin_options='none needed'
ac_cv_env_AVCODEC_CFLAGS_set=
ac_cv_env_AVCODEC_CFLAGS_value=
ac_cv_env_AVCODEC_LIBS_set=
ac_cv_env_AVCODEC_LIBS_value=
ac_cv_env_AVFORMAT_CFLAGS_set=
ac_cv_env_AVFORMAT_CFLAGS_value=
ac_cv_env_AVFORMAT_LIBS_set=
ac_cv_env_AVFORMAT_LIBS_value=
ac_cv_env_AVUTIL_CFLAGS_set=
ac_cv_env_AVUTIL_CFLAGS_value=
ac_cv_env_AVUTIL_LIBS_set=
ac_cv_env_AVUTIL_LIBS_value=
ac_cv_env_CC_set=
ac_cv_env_CC_value=
ac_cv_env_CFLAGS_set=
ac_cv_env_CFLAGS_value=
ac_cv_env_CPPFLAGS_set=
ac_cv_env_CPPFLAGS_value=
ac_cv_env_CPP_set=
ac_cv_env_CPP_value=
ac_cv_env_LDFLAGS_set=
ac_cv_env_LDFLAGS_value=
ac_cv_env_LIBS_set=
ac_cv_env_LIBS_value=
ac_cv_env_LT_SYS_LIBRARY_PATH_set=
ac_cv_env_LT_SYS_LIBRARY_PATH_value=
ac_cv_env_PANGOCAIRO_CFLAGS_set=
ac_cv_env_PANGOCAIRO_CFLAGS_value=
ac_cv_env_PANGOCAIRO_LIBS_set=
ac_cv_env_PANGOCAIRO_LIBS_value=
ac_cv_env_PANGO_CFLAGS_set=
ac_cv_env_PANGO_CFLAGS_value=
ac_cv_env_PANGO_LIBS_set=
ac_cv_env_PANGO_LIBS_value=
ac_cv_env_PKG_CONFIG_LIBDIR_set=
ac_cv_env_PKG_CONFIG_LIBDIR_value=
ac_cv_env_PKG_CONFIG_PATH_set=
ac_cv_env_PKG_CONFIG_PATH_value=
ac_cv_env_PKG_CONFIG_set=
ac_cv_env_PKG_CONFIG_value=
ac_cv_env_RDP_CFLAGS_set=
ac_cv_env_RDP_CFLAGS_value=
ac_cv_env_RDP_LIBS_set=
ac_cv_env_RDP_LIBS_value=
ac_cv_env_SWSCALE_CFLAGS_set=
ac_cv_env_SWSCALE_CFLAGS_value=
ac_cv_env_SWSCALE_LIBS_set=
ac_cv_env_SWSCALE_LIBS_value=
ac_cv_env_build_alias_set=
ac_cv_env_build_alias_value=
ac_cv_env_host_alias_set=
ac_cv_env_host_alias_value=
ac_cv_env_target_alias_set=
ac_cv_env_target_alias_value=
ac_cv_func_clock_gettime=yes
ac_cv_func_dlopen=yes
ac_cv_func_gettimeofday=yes
ac_cv_func_memmove=yes
ac_cv_func_memset=yes
ac_cv_func_nanosleep=yes
ac_cv_func_sched_getaffinity=yes
ac_cv_func_select=yes
ac_cv_func_shl_load=no
ac_cv_func_strdup=yes
ac_cv_func_timer_create=yes
ac_cv_have_decl_FreeRDPConvertColor=yes
ac_cv_have_decl_FreeRDPReadColor=no
ac_cv_have_decl_LCCSCF_USE_SSL=yes
ac_cv_have_decl_LIBVNCSERVER_WITH_CLIENT_GCRYPT=no
ac_cv_have_decl_LWS_CALLBACK_CLIENT_CLOSED=yes
ac_cv_have_decl_LWS_SERVER_OPTION_DO_SSL_GLOBAL_INIT=yes
ac_cv_have_decl_cairo_format_stride_for_width=yes
ac_cv_have_decl_freerdp_settings_set_pointer=no
ac_cv_have_decl_freerdp_shall_disconnect_context=no
ac_cv_have_decl_listenForIncomingConnectionsNoFork=yes
ac_cv_have_decl_lws_callback_http_dummy=yes
ac_cv_have_decl_png_get_io_ptr=yes
ac_cv_have_decl_poll=yes
ac_cv_have_decl_strlcat=yes
ac_cv_have_decl_strlcpy=yes
ac_cv_have_decl_strnstr=no
ac_cv_have_decl_winpr_aligned_free=no
ac_cv_header_cairo_cairo_h=yes
ac_cv_header_dlfcn_h=yes
ac_cv_header_fcntl_h=yes
ac_cv_header_inttypes_h=yes
ac_cv_header_openssl_ssl_h=yes
ac_cv_header_pngstruct_h=no
ac_cv_header_stdint_h=yes
ac_cv_header_stdio_h=yes
ac_cv_header_stdlib_h=yes
ac_cv_header_string_h=yes
ac_cv_header_strings_h=yes
ac_cv_header_sys_socket_h=yes
ac_cv_header_sys_stat_h=yes
ac_cv_header_sys_time_h=yes
ac_cv_header_sys_types_h=yes
ac_cv_header_syslog_h=yes
ac_cv_header_time_h=yes
ac_cv_header_unistd_h=yes
ac_cv_header_vorbis_vorbisenc_h=yes
ac_cv_header_webp_encode_h=yes
ac_cv_host=x86_64-pc-linux-gnu
ac_cv_lib_cairo_cairo_create=yes
ac_cv_lib_cunit_CU_run_test=no
ac_cv_lib_dl_dlopen=yes
ac_cv_lib_dld_shl_load=no
ac_cv_lib_jpeg_jpeg_start_compress=yes
ac_cv_lib_m_cos=yes
ac_cv_lib_ogg_ogg_stream_init=yes
ac_cv_lib_png_png_write_png=yes
ac_cv_lib_pthread_pthread_create=yes
ac_cv_lib_pulse_pa_context_new=yes
ac_cv_lib_ssh2_gcry_control=no
ac_cv_lib_ssh2_libssh2_userauth_publickey_frommemory=yes
ac_cv_lib_ssl_SSL_CTX_new=yes
ac_cv_lib_telnet_telnet_init=yes
ac_cv_lib_uuid_uuid_generate=yes
ac_cv_lib_vncclient_rfbInitClient=yes
ac_cv_lib_vorbis_vorbis_block_init=yes
ac_cv_lib_vorbisenc_vorbis_encode_init=yes
ac_cv_lib_webp_WebPEncode=yes
ac_cv_lib_websockets_lws_create_context=yes
ac_cv_lib_wsock32_main=no
ac_cv_member_freerdp_VerifyCertificateEx=yes
ac_cv_member_rdpSettings_AllowUnanouncedOrdersFromServer=yes
ac_cv_member_rfbClient_GetCredential=yes
ac_cv_member_rfbClient_LockWriteToTLS=yes
ac_cv_member_rfbClient_UnlockWriteToTLS=yes
ac_cv_member_rfbClient_destHost=yes
ac_cv_member_rfbClient_destPort=yes
ac_cv_member_rfbClient_requestedResize=yes
ac_cv_member_rfbClient_screen=yes
ac_cv_objext=o
ac_cv_path_EGREP='/usr/bin/grep -E'
ac_cv_path_FGREP='/usr/bin/grep -F'
ac_cv_path_GREP=/usr/bin/grep
ac_cv_path_SED=/usr/bin/sed
ac_cv_path_ac_pt_PKG_CONFIG=/usr/bin/pkg-config
ac_cv_path_install='/usr/bin/install -c'
ac_cv_path_lt_DD=/usr/bin/dd
ac_cv_path_mkdir=/usr/bin/mkdir
ac_cv_prog_AWK=gawk
ac_cv_prog_ac_ct_AR=ar
ac_cv_prog_ac_ct_CC=gcc
ac_cv_prog_ac_ct_FILECMD=file
ac_cv_prog_ac_ct_MANIFEST_TOOL=mt
ac_cv_prog_ac_ct_OBJDUMP=objdump
ac_cv_prog_ac_ct_RANLIB=ranlib
ac_cv_prog_ac_ct_STRIP=strip
ac_cv_prog_cc_c11=
ac_cv_prog_cc_g=yes
ac_cv_prog_cc_stdc=
ac_cv_prog_make_make_set=yes
ac_cv_type_rfbSetDesktopSizeMsg=yes
ac_cv_type_size_t=yes
ac_cv_type_ssize_t=yes
am_cv_CC_dependencies_compiler_type=gcc3
am_cv_make_support_nested_variables=yes
am_cv_prog_cc_c_o=yes
lt_cv_ar_at_file=@
lt_cv_archive_cmds_need_lc=no
lt_cv_deplibs_check_method=pass_all
lt_cv_dlopen=dlopen
lt_cv_dlopen_libs=
lt_cv_dlopen_self=yes
lt_cv_dlopen_self_static=no
lt_cv_file_magic_cmd='$MAGIC_CMD'
lt_cv_file_magic_test_file=
lt_cv_ld_reload_flag=-r
lt_cv_nm_interface='BSD nm'
lt_cv_objdir=.libs
lt_cv_path_LD=/usr/bin/ld
lt_cv_path_NM='/usr/bin/nm -B'
lt_cv_path_mainfest_tool=no
lt_cv_prog_compiler_c_o=yes
lt_cv_prog_compiler_pic='-fPIC -DPIC'
lt_cv_prog_compiler_pic_works=yes
lt_cv_prog_compiler_rtti_exceptions=no
lt_cv_prog_compiler_static_works=yes
lt_cv_prog_gnu_ld=yes
lt_cv_sharedlib_from_linklib_cmd='printf %s\n'
lt_cv_shlibpath_overrides_runpath=yes
lt_cv_sys_global_symbol_pipe='/usr/bin/sed -n -e '\''s/^.*[	 ]\([ABCDGIRSTW][ABCDGIRSTW]*\)[	 ][	 ]*\([_A-Za-z][_A-Za-z0-9]*\)$/\1 \2 \2/p'\'' | /usr/bin/sed '\''/ __gnu_lto/d'\'''
lt_cv_sys_global_symbol_to_c_name_address='/usr/bin/sed -n -e '\''s/^: \(.*\) .*$/  {"\1", (void *) 0},/p'\'' -e '\''s/^[ABCDGIRSTW][ABCDGIRSTW]* .* \(.*\)$/  {"\1", (void *) \&\1},/p'\'''
lt_cv_sys_global_symbol_to_c_name_address_lib_prefix='/usr/bin/sed -n -e '\''s/^: \(.*\) .*$/  {"\1", (void *) 0},/p'\'' -e '\''s/^[ABCDGIRSTW][ABCDGIRSTW]* .* \(lib.*\)$/  {"\1", (void *) \&\1},/p'\'' -e '\''s/^[ABCDGIRSTW][ABCDGIRSTW]* .* \(.*\)$/  {"lib\1", (void *) \&\1},/p'\'''
lt_cv_sys_global_symbol_to_cdecl='/usr/bin/sed -n -e '\''s/^T .* \(.*\)$/extern int \1();/p'\'' -e '\''s/^[ABCDGIRSTW][ABCDGIRSTW]* .* \(.*\)$/extern char \1;/p'\'''
lt_cv_sys_global_symbol_to_import=
lt_cv_sys_max_cmd_len=1572864
lt_cv_to_host_file_cmd=func_convert_file_noop
lt_cv_to_tool_file_cmd=func_convert_file_noop
lt_cv_truncate_bin='/usr/bin/dd bs=4096 count=1'
pkg_cv_AVCODEC_CFLAGS='-I/usr/include/x86_64-linux-gnu '
pkg_cv_AVCODEC_LIBS='-lavcodec '
pkg_cv_AVFORMAT_CFLAGS='-I/usr/include/x86_64-linux-gnu '
pkg_cv_AVFORMAT_LIBS='-lavformat '
pkg_cv_AVUTIL_CFLAGS='-I/usr/include/x86_64-linux-gnu '
pkg_cv_AVUTIL_LIBS='-lavutil '
pkg_cv_PANGOCAIRO_CFLAGS='-I/usr/include/pango-1.0 -I/usr/include/glib-2.0 -I/usr/lib/x86_64-linux-gnu/glib-2.0/include -I/usr/include/harfbuzz -I/usr/include/freetype2 -I/usr/include/libpng16 -I/usr/include/libmount -I/usr/include/blkid -I/usr/include/fribidi -I/usr/include/cairo -I/usr/include/pixman-1 -pthread '
pkg_cv_PANGOCAIRO_LIBS='-lpangocairo-1.0 -lpango-1.0 -lgobject-2.0 -lglib-2.0 -lharfbuzz -lcairo '
pkg_cv_PANGO_CFLAGS='-I/usr/include/pango-1.0 -I/usr/include/glib-2.0 -I/usr/lib/x86_64-linux-gnu/glib-2.0/include -I/usr/include/harfbuzz -I/usr/include/freetype2 -I/usr/include/libpng16 -pthread -I/usr/include/libmount -I/usr/include/blkid -I/usr/include/fribidi -I/usr/include/cairo -I/usr/include/pixman-1 '
pkg_cv_PANGO_LIBS='-lpango-1.0 -lgobject-2.0 -lglib-2.0 -lharfbuzz '
pkg_cv_RDP_CFLAGS='-I/usr/include/freerdp2/ -I/usr/include/winpr2 '
pkg_cv_RDP_LIBS='-lfreerdp2 -lfreerdp-client2 -lwinpr2 '
pkg_cv_SWSCALE_CFLAGS='-I/usr/include/x86_64-linux-gnu '
pkg_cv_SWSCALE_LIBS='-lswscale '

## ----------------- ##
## Output variables. ##
## ----------------- ##

ACLOCAL='${SHELL} '\''/opt/guacamole-server-1.6.0/build-aux/missing'\'' aclocal-1.16'
AMDEPBACKSLASH='\'
AMDEP_FALSE='#'
AMDEP_TRUE=''
AMTAR='$${TAR-tar}'
AM_BACKSLASH='\'
AM_DEFAULT_V='$(AM_DEFAULT_VERBOSITY)'
AM_DEFAULT_VERBOSITY='0'
AM_V='$(V)'
AR='ar'
AUTOCONF='${SHELL} '\''/opt/guacamole-server-1.6.0/build-aux/missing'\'' autoconf'
AUTOHEADER='${SHELL} '\''/opt/guacamole-server-1.6.0/build-aux/missing'\'' autoheader'
AUTOMAKE='${SHELL} '\''/opt/guacamole-server-1.6.0/build-aux/missing'\'' automake-1.16'
AVCODEC_CFLAGS='-I/usr/include/x86_64-linux-gnu '
AVCODEC_LIBS='-lavcodec '
AVFORMAT_CFLAGS='-I/usr/include/x86_64-linux-gnu '
AVFORMAT_LIBS='-lavformat '
AVUTIL_CFLAGS='-I/usr/include/x86_64-linux-gnu '
AVUTIL_LIBS='-lavutil '
AWK='gawk'
CAIRO_LIBS='-lcairo'
CC='gcc'
CCDEPMODE='depmode=gcc3'
CFLAGS='-g -O2'
COMMON_INCLUDE='-I$(top_srcdir)/src/common'
COMMON_LTLIB='$(top_builddir)/src/common/libguac_common.la'
COMMON_SSH_INCLUDE='-I$(top_srcdir)/src/common-ssh'
COMMON_SSH_LTLIB='$(top_builddir)/src/common-ssh/libguac_common_ssh.la'
CPP=''
CPPFLAGS=''
CSCOPE='cscope'
CTAGS='ctags'
CUNIT_LIBS=''
CYGPATH_W='echo'
DEFS='-DHAVE_CONFIG_H'
DEPDIR='.deps'
DLLTOOL='false'
DL_LIBS='-ldl'
DSYMUTIL=''
DUMPBIN=''
ECHO_C=''
ECHO_N='-n'
ECHO_T=''
EGREP='/usr/bin/grep -E'
ENABLE_AVCODEC_FALSE='#'
ENABLE_AVCODEC_TRUE=''
ENABLE_AVFORMAT_FALSE='#'
ENABLE_AVFORMAT_TRUE=''
ENABLE_AVUTIL_FALSE='#'
ENABLE_AVUTIL_TRUE=''
ENABLE_COMMON_SSH_FALSE='#'
ENABLE_COMMON_SSH_TRUE=''
ENABLE_GUACD_FALSE='#'
ENABLE_GUACD_TRUE=''
ENABLE_GUACENC_FALSE='#'
ENABLE_GUACENC_TRUE=''
ENABLE_GUACLOG_FALSE='#'
ENABLE_GUACLOG_TRUE=''
ENABLE_INIT_FALSE='#'
ENABLE_INIT_TRUE=''
ENABLE_KUBERNETES_FALSE='#'
ENABLE_KUBERNETES_TRUE=''
ENABLE_OGG_FALSE='#'
ENABLE_OGG_TRUE=''
ENABLE_PULSE_FALSE='#'
ENABLE_PULSE_TRUE=''
ENABLE_RDP_FALSE='#'
ENABLE_RDP_TRUE=''
ENABLE_SSH_AGENT_FALSE=''
ENABLE_SSH_AGENT_TRUE='#'
ENABLE_SSH_FALSE='#'
ENABLE_SSH_TRUE=''
ENABLE_SSL_FALSE='#'
ENABLE_SSL_TRUE=''
ENABLE_SWSCALE_FALSE='#'
ENABLE_SWSCALE_TRUE=''
ENABLE_SYSTEMD_FALSE='#'
ENABLE_SYSTEMD_TRUE=''
ENABLE_TELNET_FALSE='#'
ENABLE_TELNET_TRUE=''
ENABLE_TERMINAL_FALSE='#'
ENABLE_TERMINAL_TRUE=''
ENABLE_VNC_FALSE='#'
ENABLE_VNC_TRUE=''
ENABLE_WEBP_FALSE='#'
ENABLE_WEBP_TRUE=''
ENABLE_WEBSOCKETS_FALSE='#'
ENABLE_WEBSOCKETS_TRUE=''
ENABLE_WINSOCK_FALSE=''
ENABLE_WINSOCK_TRUE='#'
ETAGS='etags'
EXEEXT=''
FGREP='/usr/bin/grep -F'
FILECMD='file'
FREERDP_PLUGIN_DIR='/usr/lib/x86_64-linux-gnu/freerdp2'
GREP='/usr/bin/grep'
INSTALL_DATA='${INSTALL} -m 644'
INSTALL_PROGRAM='${INSTALL}'
INSTALL_SCRIPT='${INSTALL}'
INSTALL_STRIP_PROGRAM='$(install_sh) -c -s'
JPEG_LIBS='-ljpeg'
LD='/usr/bin/ld -m elf_x86_64'
LDFLAGS=''
LIBGUAC_CLIENT_KUBERNETES_INCLUDE='-I$(top_srcdir)/src/protocols/kubernetes'
LIBGUAC_CLIENT_KUBERNETES_LTLIB='$(top_builddir)/src/protocols/kubernetes/libguac-client-kubernetes.la'
LIBGUAC_CLIENT_RDP_INCLUDE='-I$(top_srcdir)/src/protocols/rdp'
LIBGUAC_CLIENT_RDP_LTLIB='$(top_builddir)/src/protocols/rdp/libguac-client-rdp.la'
LIBGUAC_INCLUDE='-I$(top_srcdir)/src/libguac'
LIBGUAC_LTLIB='$(top_builddir)/src/libguac/libguac.la'
LIBOBJS=''
LIBS=''
LIBTOOL='$(SHELL) $(top_builddir)/libtool'
LIPO=''
LN_S='ln -s'
LTLIBOBJS=''
LT_SYS_LIBRARY_PATH=''
MAKEINFO='${SHELL} '\''/opt/guacamole-server-1.6.0/build-aux/missing'\'' makeinfo'
MANIFEST_TOOL=':'
MATH_LIBS='-lm'
MKDIR_P='/usr/bin/mkdir -p'
NM='/usr/bin/nm -B'
NMEDIT=''
OBJDUMP='objdump'
OBJEXT='o'
OTOOL64=''
OTOOL=''
PACKAGE='guacamole-server'
PACKAGE_BUGREPORT=''
PACKAGE_NAME='guacamole-server'
PACKAGE_STRING='guacamole-server 1.6.0'
PACKAGE_TARNAME='guacamole-server'
PACKAGE_URL=''
PACKAGE_VERSION='1.6.0'
PANGOCAIRO_CFLAGS='-I/usr/include/pango-1.0 -I/usr/include/glib-2.0 -I/usr/lib/x86_64-linux-gnu/glib-2.0/include -I/usr/include/harfbuzz -I/usr/include/freetype2 -I/usr/include/libpng16 -I/usr/include/libmount -I/usr/include/blkid -I/usr/include/fribidi -I/usr/include/cairo -I/usr/include/pixman-1 -pthread '
PANGOCAIRO_LIBS='-lpangocairo-1.0 -lpango-1.0 -lgobject-2.0 -lglib-2.0 -lharfbuzz -lcairo '
PANGO_CFLAGS='-I/usr/include/pango-1.0 -I/usr/include/glib-2.0 -I/usr/lib/x86_64-linux-gnu/glib-2.0/include -I/usr/include/harfbuzz -I/usr/include/freetype2 -I/usr/include/libpng16 -pthread -I/usr/include/libmount -I/usr/include/blkid -I/usr/include/fribidi -I/usr/include/cairo -I/usr/include/pixman-1 '
PANGO_LIBS='-lpango-1.0 -lgobject-2.0 -lglib-2.0 -lharfbuzz '
PATH_SEPARATOR=':'
PKG_CONFIG='/usr/bin/pkg-config'
PKG_CONFIG_LIBDIR=''
PKG_CONFIG_PATH=''
PNG_LIBS='-lpng'
PTHREAD_LIBS='-lpthread'
PULSE_INCLUDE='-I$(top_srcdir)/src/pulse'
PULSE_LIBS=' -lpulse'
PULSE_LTLIB='$(top_builddir)/src/pulse/libguac_pulse.la'
RANLIB='ranlib'
RDP_CFLAGS='-I/usr/include/freerdp2/ -I/usr/include/winpr2 '
RDP_LIBS='-lfreerdp2 -lfreerdp-client2 -lwinpr2 '
RT_LIBS=''
SED='/usr/bin/sed'
SET_MAKE=''
SHELL='/bin/bash'
SSH_LIBS=' -lssh2'
SSL_LIBS=' -lssl -lcrypto'
STRIP='strip'
SWSCALE_CFLAGS='-I/usr/include/x86_64-linux-gnu '
SWSCALE_LIBS='-lswscale '
TELNET_LIBS=' -ltelnet'
TERMINAL_INCLUDE='-I$(top_srcdir)/src/terminal $(PANGO_CFLAGS) $(PANGOCAIRO_CFLAGS) $(COMMON_INCLUDE)'
TERMINAL_LTLIB='$(top_builddir)/src/terminal/libguac-terminal.la'
UUID_LIBS='-luuid'
VERSION='1.6.0'
VNC_LIBS=' -lvncclient'
VORBIS_LIBS=' -logg -lvorbis -lvorbisenc'
WEBP_LIBS=' -lwebp'
WEBSOCKETS_LIBS=' -lwebsockets'
WINSOCK_LIBS=''
ac_ct_AR='ar'
ac_ct_CC='gcc'
ac_ct_DUMPBIN=''
am__EXEEXT_FALSE=''
am__EXEEXT_TRUE='#'
am__fastdepCC_FALSE='#'
am__fastdepCC_TRUE=''
am__include='include'
am__isrc=''
am__leading_dot='.'
am__nodep='_no'
am__quote=''
am__tar='$${TAR-tar} chof - "$$tardir"'
am__untar='$${TAR-tar} xf -'
bindir='${exec_prefix}/bin'
build='x86_64-pc-linux-gnu'
build_alias=''
build_cpu='x86_64'
build_os='linux-gnu'
build_vendor='pc'
datadir='${datarootdir}'
datarootdir='${prefix}/share'
docdir='${datarootdir}/doc/${PACKAGE_TARNAME}'
dvidir='${docdir}'
exec_prefix='${prefix}'
host='x86_64-pc-linux-gnu'
host_alias=''
host_cpu='x86_64'
host_os='linux-gnu'
host_vendor='pc'
htmldir='${docdir}'
includedir='${prefix}/include'
infodir='${datarootdir}/info'
init_dir='/etc/init.d'
install_sh='${SHELL} /opt/guacamole-server-1.6.0/build-aux/install-sh'
libdir='${exec_prefix}/lib'
libexecdir='${exec_prefix}/libexec'
localedir='${datarootdir}/locale'
localstatedir='${prefix}/var'
mandir='${datarootdir}/man'
mkdir_p='$(MKDIR_P)'
oldincludedir='/usr/include'
pdfdir='${docdir}'
prefix='/usr/local'
program_transform_name='s,x,x,'
psdir='${docdir}'
runstatedir='${localstatedir}/run'
sbindir='${exec_prefix}/sbin'
sharedstatedir='${prefix}/com'
sysconfdir='${prefix}/etc'
systemd_dir='/lib/systemd/system'
target_alias=''

## ----------- ##
## confdefs.h. ##
## ----------- ##

/* confdefs.h */
#define PACKAGE_NAME "guacamole-server"
#define PACKAGE_TARNAME "guacamole-server"
#define PACKAGE_VERSION "1.6.0"
#define PACKAGE_STRING "guacamole-server 1.6.0"
#define PACKAGE_BUGREPORT ""
#define PACKAGE_URL ""
#define PACKAGE "guacamole-server"
#define VERSION "1.6.0"
#define HAVE_STDIO_H 1
#define HAVE_STDLIB_H 1
#define HAVE_STRING_H 1
#define HAVE_INTTYPES_H 1
#define HAVE_STDINT_H 1
#define HAVE_STRINGS_H 1
#define HAVE_SYS_STAT_H 1
#define HAVE_SYS_TYPES_H 1
#define HAVE_UNISTD_H 1
#define STDC_HEADERS 1
#define HAVE_DLFCN_H 1
#define LT_OBJDIR ".libs/"
#define HAVE_FCNTL_H 1
#define HAVE_STDLIB_H 1
#define HAVE_STRING_H 1
#define HAVE_SYS_SOCKET_H 1
#define HAVE_TIME_H 1
#define HAVE_SYS_TIME_H 1
#define HAVE_SYSLOG_H 1
#define HAVE_UNISTD_H 1
#define HAVE_CAIRO_CAIRO_H 1
#define _GNU_SOURCE 1
#define _XOPEN_SOURCE 700
#define __BSD_VISIBLE 1
#define HAVE_SCHED_GETAFFINITY 1
#define HAVE_LIBPTHREAD /**/
#define HAVE_LIBUUID /**/
#define HAVE_CLOCK_GETTIME 1
#define HAVE_GETTIMEOFDAY 1
#define HAVE_MEMMOVE 1
#define HAVE_MEMSET 1
#define HAVE_SELECT 1
#define HAVE_STRDUP 1
#define HAVE_NANOSLEEP 1
#define HAVE_PNG_GET_IO_PTR /**/
#define HAVE_CAIRO_FORMAT_STRIDE_FOR_WIDTH /**/
#define HAVE_POLL /**/
#define HAVE_STRLCPY /**/
#define HAVE_STRLCAT /**/
#define GUACD_CONF_FILE "/etc/guacamole/guacd.conf"
#define ENABLE_SSL /**/
#define ENABLE_OGG /**/
#define ENABLE_PULSE /**/
#define HAVE_RFBCLIENT_DESTHOST 1
#define HAVE_RFBCLIENT_DESTPORT 1
#define ENABLE_VNC_REPEATER /**/
#define ENABLE_VNC_LISTEN /**/
#define HAVE_RFBCLIENT_LOCKWRITETOTLS 1
#define HAVE_RFBCLIENT_UNLOCKWRITETOTLS 1
#define ENABLE_VNC_TLS_LOCKING /**/
#define HAVE_RFBCLIENT_GETCREDENTIAL 1
#define ENABLE_VNC_GENERIC_CREDENTIALS /**/
#define HAVE_RFBCLIENT_SCREEN 1
#define LIBVNC_HAS_RESIZE_SUPPORT /**/
#define HAVE_RFBCLIENT_REQUESTEDRESIZE 1
#define LIBVNC_CLIENT_HAS_REQUESTED_RESIZE /**/
#define HAVE_FREERDPCONVERTCOLOR /**/
#define FREERDP_GLYPH_CALLBACKS_ACCEPT_INT32 /**/
#define FREERDP_CLIPRDR_CALLBACKS_REQUIRE_CONST /**/
#define FREERDP_RAIL_CALLBACKS_REQUIRE_CONST /**/
#define HAVE_RDPSETTINGS_ALLOWUNANOUNCEDORDERSFROMSERVER 1
#define HAVE_FREERDP_VERIFYCERTIFICATEEX 1
#define HAVE_DECL_WINPR_ALIGNED_FREE 0
#define HAVE_DECL_FREERDPREADCOLOR 0
#define HAVE_DECL_FREERDP_SETTINGS_SET_POINTER 0
#define FREERDP_HAS_CONTEXT /**/
#define RDP_GLYPH_NEW_REQUIRES_CONST /**/
#define RDP_POINTER_SET_REQUIRES_CONST /**/
#define ENABLE_COMMON_SSH /**/
#define ENABLE_WEBP /**/
#define HAVE_LWS_CALLBACK_CLIENT_CLOSED /**/
#define HAVE_LWS_SERVER_OPTION_DO_SSL_GLOBAL_INIT /**/
#define HAVE_LCCSCF_USE_SSL /**/
#define HAVE_LWS_CALLBACK_HTTP_DUMMY /**/

configure: exit 0
